timestamp,x,y,z
1692847902.625468,4.0216722,11.20134,0.17492317
1692847902.72552,4.0089498,11.192779,0.25404185
1692847902.82554,3.9964132,11.178976,0.32941404
1692847902.926045,3.9843283,11.162186,0.40487763
1692847903.025573,3.9731898,11.145,0.48275876
1692847903.125535,3.9630136,11.129116,0.56418943
1692847903.225582,3.9536219,11.115435,0.6395721
1692847903.325637,3.9444423,11.104077,0.704071
1692847903.425696,3.9340727,11.093614,0.770572
1692847903.525747,3.921271,11.083182,0.8496303
1692847903.625423,3.9057796,11.074496,0.93503594
1692847903.725603,3.8878248,11.068957,1.0192815
1692847903.825504,3.8693159,11.066214,1.0953704
1692847903.928319,3.8502998,11.065647,1.1636208
1692847904.025534,3.8290403,11.066963,1.2292897
1692847904.125653,3.8014982,11.070241,1.3061233
1692847904.225867,3.7707815,11.076163,1.3868916
1692847904.325454,3.740753,11.084763,1.4640559
1692847904.42575,3.7152646,11.094359,1.533767
1692847904.525755,3.6972961,11.103409,1.5947616
1692847904.625637,3.6847398,11.112349,1.658125
1692847904.725554,3.675452,11.121545,1.7322279
1692847904.825571,3.669461,11.130217,1.8120754
1692847904.925514,3.666754,11.13768,1.8907478
1692847905.025678,3.6661494,11.144145,1.9633764
1692847905.125546,3.6665692,11.150072,2.0273871
1692847905.225579,3.667771,11.156454,2.088377
1692847905.32605,3.6695807,11.163766,2.1513846
1692847905.425573,3.6715734,11.170927,2.2161596
1692847905.525964,3.6735353,11.177117,2.2819517
1692847905.62573,3.6756856,11.181956,2.3405077
1692847905.725848,3.6783366,11.185299,2.3886664
1692847905.825488,3.681634,11.186858,2.434815
1692847905.92588,3.6859534,11.186767,2.486383
1692847906.02546,3.692015,11.186149,2.538836
1692847906.125955,3.7005084,11.186199,2.5891466
1692847906.225573,3.7110476,11.187863,2.6367126
1692847906.325835,3.7229843,11.191463,2.6824162
1692847906.425784,3.734283,11.195653,2.72356
1692847906.52554,3.7436755,11.199396,2.76046
1692847906.625487,3.7521794,11.203182,2.801446
1692847906.725372,3.7603776,11.207332,2.8526657
1692847906.825402,3.7665617,11.210948,2.9104142
1692847906.925767,3.769675,11.212983,2.9708893
1692847907.02564,3.771817,11.212667,3.0347464
1692847907.125531,3.7749093,11.209922,3.1015046
1692847907.225616,3.7787623,11.206316,3.162701
1692847907.325625,3.7835536,11.202493,3.21497
1692847907.425511,3.791561,11.195612,3.274119
1692847907.525602,3.8035789,11.184019,3.349505
1692847907.625466,3.8149533,11.171348,3.42149
1692847907.72596,3.8226614,11.159512,3.4773371
1692847907.825568,3.8302224,11.143928,3.5333583
1692847907.925581,3.84087,11.1213875,3.603693
1692847908.025489,3.8532329,11.096838,3.677246
1692847908.125504,3.8658698,11.074992,3.7442503
1692847908.225785,3.8791027,11.056489,3.809106
1692847908.32575,3.8928344,11.041874,3.8750515
1692847908.425483,3.9052663,11.03299,3.9366348
1692847908.525804,3.9151595,11.030908,3.9906986
1692847908.625565,3.923336,11.033801,4.0429034
1692847908.725656,3.9311864,11.039258,4.1013374
1692847908.825595,3.9396217,11.044205,4.167306
1692847908.925593,3.9492445,11.045408,4.2380366
1692847909.025481,3.9591398,11.043804,4.309883
1692847909.125459,3.96735,11.043369,4.3789754
1692847909.225906,3.9727445,11.045568,4.44036
1692847909.325671,3.9749405,11.049975,4.48804
1692847909.425542,3.9762423,11.056329,4.525465
1692847909.525588,3.98054,11.064403,4.561025
1692847909.625551,3.9879963,11.072595,4.594537
1692847909.725566,3.9955797,11.078184,4.6186028
1692847909.825322,4.0008464,11.078893,4.6278224
1692847909.925563,4.005399,11.075175,4.6297655
1692847910.025437,4.011011,11.068043,4.6328597
1692847910.1257,4.0161715,11.057145,4.635108
1692847910.225556,4.019372,11.043035,4.633789
1692847910.325449,4.0212903,11.029137,4.629958
1692847910.425466,4.0230403,11.017856,4.6252875
1692847910.525933,4.025936,11.006527,4.621225
1692847910.62581,4.0305033,10.992475,4.618606
1692847910.725788,4.035005,10.975259,4.616352
1692847910.825512,4.0379696,10.955893,4.6136465
1692847910.926343,4.040102,10.937637,4.6113167
1692847911.025533,4.0423326,10.923292,4.6102033
1692847911.125566,4.045465,10.909885,4.609918
1692847911.225586,4.05003,10.895396,4.6099334
1692847911.326105,4.0561376,10.881603,4.6097474
1692847911.42556,4.0633345,10.870076,4.6090446
1692847911.525307,4.07035,10.858284,4.6080103
1692847911.625494,4.07587,10.844399,4.606897
1692847911.725762,4.079234,10.830411,4.6058683
1692847911.825724,4.0800476,10.818218,4.6050797
1692847911.925763,4.078261,10.807178,4.6046953
1692847912.025544,4.074171,10.796488,4.6047564
1692847912.125543,4.068881,10.785915,4.60491
1692847912.225479,4.0637684,10.775585,4.6051345
1692847912.325648,4.060417,10.765967,4.606447
1692847912.425393,4.0588117,10.756473,4.6087503
1692847912.525615,4.0544896,10.743133,4.6086173
1692847912.625629,4.044888,10.72444,4.604204
1692847912.725543,4.0340796,10.706038,4.5992303
1692847912.825504,4.024603,10.690744,4.5966215
1692847912.928261,4.013739,10.673243,4.596138
1692847913.025592,3.9999778,10.650289,4.5970526
1692847913.125604,3.98359,10.6219425,4.598017
1692847913.225671,3.9678154,10.59328,4.5973983
1692847913.326183,3.952504,10.563346,4.5951004
1692847913.425903,3.935293,10.52731,4.5923367
1692847913.526266,3.9150617,10.483675,4.5900273
1692847913.625782,3.8943155,10.439751,4.588694
1692847913.725905,3.8737714,10.398172,4.588207
1692847913.825744,3.8503997,10.350837,4.58691
1692847913.925885,3.8223124,10.291727,4.5839853
1692847914.02651,3.794048,10.2288065,4.5818667
1692847914.126081,3.7686322,10.167639,4.582168
1692847914.226339,3.739633,10.095272,4.5825973
1692847914.326083,3.7023995,10.003699,4.5811567
1692847914.42592,3.6585898,9.899992,4.578514
1692847914.525956,3.6106064,9.79168,4.5756817
1692847914.626018,3.5593884,9.678961,4.573351
1692847914.726319,3.505582,9.5607395,4.5720596
1692847914.82625,3.4526088,9.443351,4.57112
1692847914.926406,3.404353,9.335262,4.5689807
1692847915.025846,3.3572476,9.23114,4.5646505
1692847915.125756,3.3014877,9.113543,4.5575876
1692847915.225679,3.2412949,8.992021,4.549024
1692847915.325852,3.1890244,8.891249,4.541264
1692847915.425847,3.141316,8.80164,4.5349584
1692847915.525808,3.0834458,8.68882,4.529516
1692847915.625931,3.0162919,8.548628,4.525673
1692847915.726614,2.954007,8.402992,4.5251813
1692847915.82619,2.8993258,8.259003,4.5267873
1692847915.925732,2.84467,8.107667,4.52739
1692847916.025853,2.7898004,7.954973,4.52704
1692847916.125804,2.739857,7.818086,4.5279164
1692847916.225866,2.6912208,7.687493,4.529825
1692847916.325798,2.6339638,7.534424,4.5305705
1692847916.426025,2.56885,7.3640113,4.530168
1692847916.525991,2.5049834,7.2070994,4.5302267
1692847916.625807,2.4437532,7.065881,4.5315356
1692847916.725761,2.3802183,6.918864,4.534145
1692847916.825716,2.313288,6.7570777,4.538012
1692847916.925685,2.2445173,6.580501,4.543049
1692847917.025762,2.1764855,6.394232,4.5488296
1692847917.12599,2.11488,6.218721,4.553895
1692847917.226133,2.0623925,6.0662,4.557092
1692847917.326023,2.0097039,5.9117036,4.5589266
1692847917.425712,1.9489388,5.73341,4.560266
1692847917.525767,1.8832554,5.5398335,4.5620856
1692847917.625647,1.8186139,5.3477106,4.5648165
1692847917.725855,1.7603195,5.1728787,4.567368
1692847917.825801,1.71064,5.021836,4.56903
1692847917.925877,1.6601442,4.8647666,4.5711627
1692847918.0259,1.6009419,4.6795225,4.5743
1692847918.130305,1.5319778,4.474679,4.5753417
1692847918.230518,1.4638014,4.290288,4.571916
1692847918.330597,1.401046,4.1349564,4.5660906
1692847918.430666,1.3455127,4.008706,4.5603533
1692847918.530526,1.2845408,3.8724902,4.556933
1692847918.630445,1.2103447,3.699599,4.5568066
1692847918.730269,1.1361401,3.5172195,4.557669
1692847918.83065,1.0726463,3.3479526,4.5576925
1692847918.930651,1.0175558,3.185686,4.5576906
1692847919.0306,0.96789926,3.0242887,4.5584693
1692847919.126759,0.9288259,2.882845,4.5596128
1692847919.225722,0.9019246,2.7667756,4.560668
1692847919.325628,0.88776666,2.6775296,4.5613627
1692847919.425673,0.88220716,2.6007197,4.5616465
1692847919.525716,0.88172436,2.5266554,4.5616903
1692847919.625707,0.8856006,2.462364,4.562236
1692847919.725969,0.89371854,2.4131513,4.563617
1692847919.825775,0.90609,2.3730023,4.5647893
1692847919.92568,0.92193604,2.336469,4.564969
1692847920.025701,0.9378018,2.3070278,4.564666
1692847920.126136,0.9515027,2.2863555,4.5644183
1692847920.225718,0.96568257,2.2667694,4.5641904
1692847920.325984,0.98242813,2.2414749,4.563827
1692847920.425703,0.9974621,2.214493,4.563174
1692847920.525914,1.0072516,2.189101,4.5622015
1692847920.626118,1.0124109,2.1628876,4.561271
1692847920.728119,1.0143644,2.1320908,4.560746
1692847920.825715,1.0140239,2.1005976,4.5603266
1692847920.925865,1.0119768,2.0709636,4.5592594
1692847921.025723,1.0080053,2.0423307,4.5575914
1692847921.125974,1.0013316,2.0084949,4.5558667
1692847921.226043,0.99134535,1.9694484,4.554416
1692847921.326325,0.97754467,1.9289756,4.553359
1692847921.426032,0.96093786,1.890052,4.552542
1692847921.525985,0.94310623,1.8538069,4.5515733
1692847921.625695,0.9230887,1.8181103,4.5497284
1692847921.725704,0.8975054,1.7775012,4.54614
1692847921.825725,0.86582,1.7310535,4.542493
1692847921.925831,0.82964283,1.6811075,4.542141
1692847922.02567,0.792227,1.6311817,4.544745
1692847922.126172,0.75698453,1.5844423,4.5474324
1692847922.225865,0.7226168,1.540119,4.548643
1692847922.326017,0.68314534,1.4927678,4.5480194
1692847922.425709,0.63881975,1.4424233,4.5464997
1692847922.526458,0.59279114,1.3911602,4.54588
1692847922.626112,0.54811096,1.3412346,4.546437
1692847922.726005,0.50450295,1.2914871,4.54696
1692847922.825648,0.4637975,1.2435592,4.5467796
1692847922.925812,0.43110085,1.2039082,4.546855
1692847923.025756,0.41002056,1.1768177,4.5478797
1692847923.126366,0.39540604,1.1544297,4.5488753
1692847923.225685,0.38310355,1.1311535,4.549004
1692847923.325876,0.37483516,1.1117383,4.5488715
1692847923.425789,0.37258923,1.100878,4.549131
1692847923.52571,0.3741743,1.0942128,4.5498157
1692847923.625691,0.37727815,1.0873443,4.5508237
1692847923.725943,0.38143095,1.0805604,4.5519943
1692847923.82602,0.38633725,1.0745975,4.553177
1692847923.928412,0.39142272,1.0685979,4.554341
1692847924.025551,0.3958187,1.0614234,4.555336
1692847924.125619,0.40017176,1.048908,4.5560994
1692847924.22563,0.40438893,1.0293164,4.556506
1692847924.325993,0.4074478,1.0070087,4.556691
1692847924.425719,0.40837356,0.98588496,4.5568004
1692847924.52593,0.40707397,0.96353483,4.556888
1692847924.625868,0.4035003,0.9378322,4.5569353
1692847924.72572,0.3972791,0.9095639,4.556745
1692847924.825672,0.3876489,0.8798222,4.5561314
1692847924.925649,0.37140423,0.8473665,4.555316
1692847925.025684,0.34429052,0.8098996,4.554709
1692847925.125839,0.30700558,0.7696231,4.5545273
1692847925.225684,0.26632005,0.7342396,4.5547543
1692847925.325987,0.2248225,0.70792687,4.5552955
1692847925.425892,0.17362362,0.68504184,4.555844
1692847925.525914,0.10519736,0.66054344,4.556158
1692847925.625645,0.023921687,0.63743246,4.5562525
1692847925.725708,-0.06336065,0.61882234,4.5563927
1692847925.825711,-0.14461705,0.60508525,4.5574875
1692847925.925692,-0.21458776,0.59546125,4.5596023
1692847926.025771,-0.28888372,0.5879001,4.5600233
1692847926.12605,-0.3792879,0.58078605,4.5567746
1692847926.225779,-0.47486195,0.5744611,4.551528
1692847926.325935,-0.56359756,0.5688706,4.546405
1692847926.425578,-0.6352652,0.56228364,4.543288
1692847926.52566,-0.685896,0.5530373,4.543138
1692847926.625676,-0.7226392,0.5410646,4.544628
1692847926.725689,-0.7547597,0.5266776,4.546103
1692847926.825643,-0.78395087,0.51227534,4.547559
1692847926.925979,-0.806793,0.50133395,4.5501795
1692847927.025775,-0.82563096,0.4914854,4.5541534
1692847927.125746,-0.8470972,0.47630385,4.5589848
1692847927.225611,-0.8695031,0.45646796,4.563951
1692847927.325927,-0.885625,0.43736517,4.5682654
1692847927.425708,-0.8927616,0.41981,4.571464
1692847927.525837,-0.8920667,0.4007605,4.573452
1692847927.625606,-0.88509405,0.38034695,4.5742536
1692847927.725952,-0.87352085,0.36094457,4.5740395
1692847927.825733,-0.8570727,0.34398788,4.5728025
1692847927.925699,-0.8339459,0.3295574,4.5704317
1692847928.02565,-0.8054814,0.31816888,4.567202
1692847928.125781,-0.7747985,0.31045395,4.5636396
1692847928.225942,-0.74069,0.30655587,4.5600615
1692847928.325715,-0.69890887,0.30613983,4.556619
1692847928.425158,-0.6480845,0.3081364,4.553428
1692847928.525645,-0.58849585,0.3110512,4.5505514
1692847928.625452,-0.5267099,0.31378105,4.5480433
1692847928.726269,-0.47056893,0.3157775,4.545784
1692847928.825408,-0.41907975,0.3169014,4.543895
1692847928.925335,-0.36055732,0.3174267,4.5424714
1692847929.025423,-0.29299378,0.31720084,4.5413365
1692847929.125553,-0.2205188,0.3157859,4.5400333
1692847929.225488,-0.14609094,0.3129997,4.5384045
1692847929.325791,-0.067682214,0.3094028,4.5371947
1692847929.425612,0.013104966,0.3056624,4.537122
1692847929.525519,0.08610721,0.30214927,4.538273
1692847929.625381,0.14415659,0.29908353,4.5401597
1692847929.72554,0.19719099,0.29625162,4.540791
1692847929.825791,0.253161,0.2936881,4.538789
1692847929.925512,0.3026378,0.29249167,4.535961
1692847930.02529,0.33711323,0.2935264,4.534121
1692847930.125618,0.35934147,0.29640487,4.5332365
1692847930.225533,0.37297294,0.30090368,4.5328865
1692847930.325642,0.3786581,0.30835426,4.5324793
1692847930.426112,0.375206,0.3203611,4.531568
1692847930.525273,0.35853842,0.3379911,4.530307
1692847930.625364,0.3267191,0.3614996,4.5288935
1692847930.725264,0.2885033,0.38624945,4.527474
1692847930.825436,0.24921745,0.409496,4.525852
1692847930.92614,0.1982705,0.4361031,4.5228605
1692847931.025423,0.12771401,0.468438,4.517905
1692847931.125503,0.040274862,0.49988836,4.5122643
1692847931.225448,-0.055091016,0.52273005,4.5072994
1692847931.325435,-0.14510733,0.53533745,4.502907
1692847931.425665,-0.22238766,0.5382662,4.498591
1692847931.526072,-0.3006115,0.53549,4.4935093
1692847931.62581,-0.39037675,0.53082263,4.4870005
1692847931.725728,-0.48386624,0.5252235,4.4789104
1692847931.825288,-0.56984735,0.5192044,4.469677
1692847931.925637,-0.6429408,0.51325434,4.4607773
1692847932.025772,-0.7012714,0.5074828,4.453343
1692847932.1259,-0.75765276,0.50030136,4.445988
1692847932.225661,-0.82153386,0.49036354,4.437864
1692847932.325597,-0.8856612,0.47778577,4.4309845
1692847932.425394,-0.9414374,0.46330613,4.427029
1692847932.525698,-0.98801154,0.44822583,4.4248466
1692847932.62551,-1.0260509,0.43346515,4.4231596
1692847932.725369,-1.0614967,0.4162444,4.4222145
1692847932.825332,-1.0987875,0.39464867,4.42245
1692847932.925448,-1.1335536,0.3729326,4.423374
1692847933.025336,-1.1607069,0.3557794,4.4244633
1692847933.12534,-1.1794053,0.3446908,4.425737
1692847933.225266,-1.18981,0.34008458,4.427335
1692847933.32565,-1.1933935,0.34041286,4.429494
1692847933.426041,-1.1913148,0.34371814,4.4323015
1692847933.52613,-1.1833494,0.34792233,4.4354014
1692847933.625637,-1.1694943,0.3514162,4.4384203
1692847933.725623,-1.150713,0.35396582,4.4411945
1692847933.825645,-1.1276733,0.3554375,4.4436445
1692847933.925787,-1.0984153,0.35543036,4.4460697
1692847934.025691,-1.0624807,0.35371312,4.4486036
1692847934.125773,-1.0264826,0.35091463,4.4505005
1692847934.225645,-0.9952786,0.34761852,4.4512324
1692847934.325971,-0.9610382,0.34350055,4.451745
1692847934.425828,-0.9175989,0.33822435,4.452804
1692847934.525759,-0.86938226,0.33170697,4.4537506
1692847934.625656,-0.82030547,0.32378855,4.4539614
1692847934.725948,-0.7652014,0.31374568,4.4537716
1692847934.825641,-0.70226115,0.30168036,4.4535837
1692847934.925679,-0.6417448,0.28988525,4.4534183
1692847935.025777,-0.59109336,0.27989802,4.4535193
1692847935.12569,-0.5386726,0.26902243,4.4550366
1692847935.225528,-0.47592697,0.2554256,4.458322
1692847935.325673,-0.41484025,0.2423628,4.460824
1692847935.425631,-0.367888,0.23305476,4.4606066
1692847935.52568,-0.33495694,0.22719686,4.459406
1692847935.625174,-0.31312802,0.22385722,4.459062
1692847935.725965,-0.29655504,0.22194797,4.4596186
1692847935.825547,-0.28148517,0.22072744,4.4609637
1692847935.925357,-0.26878703,0.2201626,4.4636173
1692847936.025648,-0.2598415,0.2202899,4.4678426
1692847936.125712,-0.25400278,0.2208149,4.472705
1692847936.225838,-0.25024617,0.22166497,4.477443
1692847936.326025,-0.2479468,0.22367452,4.482411
1692847936.425914,-0.24656671,0.22805704,4.4880614
1692847936.526125,-0.24558976,0.23674004,4.494592
1692847936.625796,-0.24462529,0.25041914,4.501833
1692847936.725903,-0.24360254,0.26582626,4.509025
1692847936.825683,-0.24231264,0.28098547,4.515578
1692847936.925766,-0.23981163,0.30172622,4.5223904
1692847937.025702,-0.23552495,0.33177197,4.5298734
1692847937.125789,-0.23036863,0.3645343,4.536373
1692847937.225597,-0.22479828,0.39537063,4.5405793
1692847937.325871,-0.21673922,0.4330829,4.5437093
1692847937.426188,-0.20449384,0.48500845,4.5469384
1692847937.525968,-0.18898442,0.5465184,4.549918
1692847937.625634,-0.17167343,0.6113323,4.55215
1692847937.7257,-0.15455328,0.67338187,4.553467
1692847937.825709,-0.13856193,0.7304004,4.553948
1692847937.926173,-0.1202239,0.79474676,4.554317
1692847938.025735,-0.09709226,0.8749523,4.555122
1692847938.125737,-0.07068339,0.9654674,4.5560484
1692847938.225729,-0.043789323,1.0564165,4.5567245
1692847938.325719,-0.019222936,1.1383811,4.557157
1692847938.426143,0.002303567,1.2088999,4.557427
1692847938.525762,0.026146412,1.285348,4.557628
1692847938.625823,0.05748666,1.3845001,4.5577545
1692847938.725749,0.09252478,1.4937506,4.5573373
1692847938.825817,0.12631333,1.5971152,4.5560513
1692847938.926042,0.15663345,1.6888157,4.5544043
1692847939.025685,0.1832552,1.7689015,4.55283
1692847939.126081,0.21176651,1.8531542,4.5509276
1692847939.225911,0.24595635,1.9519497,4.5483637
1692847939.325708,0.28342122,2.0580919,4.545353
1692847939.426086,0.3207729,2.1618664,4.5421753
1692847939.525887,0.35472786,2.2548964,4.539049
1692847939.625662,0.38473773,2.3363078,4.5359783
1692847939.726098,0.41610923,2.420579,4.5325384
1692847939.825819,0.45281777,2.5183718,4.528552
1692847939.930403,0.4961661,2.6324842,4.5243526
1692847940.030412,0.5392102,2.7442884,4.5208545
1692847940.130108,0.5781261,2.844653,4.517907
1692847940.230341,0.6110508,2.9293005,4.5154257
1692847940.330301,0.646032,3.0188265,4.5133433
1692847940.430365,0.68914753,3.128768,4.5115633
1692847940.530099,0.734926,3.2452729,4.5100265
1692847940.62579,0.7773058,3.352984,4.5086627
1692847940.725679,0.8224393,3.4675686,4.5070853
1692847940.825569,0.8697362,3.587593,4.5052094
1692847940.925627,0.91302973,3.6975753,4.5033784
1692847941.025671,0.9488941,3.788985,4.5018983
1692847941.125721,0.98684615,3.8860765,4.5006695
1692847941.225678,1.0347234,4.00874,4.4994736
1692847941.32605,1.0876951,4.1444325,4.497943
1692847941.425734,1.1383493,4.274173,4.495945
1692847941.526357,1.1834888,4.3903184,4.4940586
1692847941.625565,1.2213737,4.488707,4.49274
1692847941.725711,1.2610294,4.591689,4.49125
1692847941.825813,1.3087552,4.71488,4.4890003
1692847941.925472,1.3602293,4.8484063,4.486526
1692847942.025432,1.4101852,4.979558,4.4843364
1692847942.125618,1.4549773,5.0973535,4.482262
1692847942.225473,1.4933345,5.1971903,4.4799933
1692847942.325771,1.5318338,5.297242,4.477136
1692847942.425771,1.5759183,5.412646,4.473558
1692847942.525747,1.6241013,5.5384655,4.4699264
1692847942.625465,1.6726735,5.664007,4.466854
1692847942.725468,1.7167842,5.7772975,4.4640326
1692847942.8254,1.7535228,5.8717084,4.4610767
1692847942.925872,1.7898098,5.9658513,4.457929
1692847943.025486,1.8310405,6.0741277,4.4547005
1692847943.125596,1.8747398,6.1899467,4.451495
1692847943.225571,1.9168538,6.302369,4.4485235
1692847943.325537,1.9567087,6.408869,4.44605
1692847943.425467,1.9946992,6.510205,4.444313
1692847943.525588,2.032979,6.6135154,4.443401
1692847943.625458,2.0719764,6.721407,4.443218
1692847943.726033,2.1067352,6.821386,4.4431305
1692847943.825651,2.132979,6.903126,4.442837
1692847943.925582,2.1559665,6.9842043,4.4433985
1692847944.025664,2.1800818,7.0786223,4.44556
1692847944.125512,2.2030518,7.1773615,4.4481807
1692847944.225792,2.2229114,7.271799,4.4501085
1692847944.325763,2.241771,7.3642836,4.451221
1692847944.425978,2.2618616,7.4579735,4.45162
1692847944.525711,2.282074,7.546118,4.4513745
1692847944.625699,2.301269,7.6226525,4.4505506
1692847944.725561,2.3222742,7.696608,4.4492035
1692847944.825647,2.3509734,7.7890005,4.4473777
1692847944.925762,2.3863018,7.898506,4.4451995
1692847945.025586,2.4218972,8.006958,4.442872
1692847945.125601,2.4551156,8.110492,4.4407187
1692847945.225796,2.4858248,8.214896,4.4391413
1692847945.325822,2.513871,8.321163,4.437935
1692847945.425691,2.5392606,8.427145,4.436453
1692847945.525675,2.5625694,8.532625,4.43453
1692847945.625692,2.5846267,8.638165,4.432375
1692847945.725649,2.6057205,8.74214,4.430371
1692847945.82587,2.6257467,8.841429,4.429034
1692847945.92581,2.6450155,8.935293,4.4287624
1692847946.025578,2.6658182,9.033763,4.429523
1692847946.126052,2.6898987,9.14423,4.430651
1692847946.225811,2.7157726,9.25823,4.430063
1692847946.325677,2.7428463,9.370556,4.4267316
1692847946.425638,2.77248,9.483004,4.4231434
1692847946.525671,2.8055809,9.597422,4.421434
1692847946.625731,2.8405223,9.711587,4.420769
1692847946.726021,2.8764503,9.82467,4.4201365
1692847946.825727,2.915612,9.940327,4.419689
1692847946.925988,2.959105,10.0600605,4.419773
1692847947.025965,2.9991567,10.165817,4.420684
1692847947.125921,3.0322545,10.250079,4.4225187
1692847947.225791,3.07016,10.34105,4.4248447
1692847947.325679,3.1216636,10.459671,4.4271417
1692847947.425666,3.178796,10.586723,4.428893
1692847947.525779,3.2324374,10.70083,4.42979
1692847947.625715,3.2790542,10.795857,4.4301424
1692847947.726311,3.3198438,10.87549,4.43056
1692847947.825768,3.3649619,10.960148,4.4321995
1692847947.925705,3.4222436,11.066419,4.435593
1692847948.02567,3.4814103,11.178304,4.438954
1692847948.125835,3.533576,11.281517,4.4405293
1692847948.225676,3.5817354,11.380709,4.4398623
1692847948.326226,3.6304271,11.482946,4.437085
1692847948.425678,3.6787722,11.584693,4.4335537
1692847948.525935,3.726449,11.683973,4.4305363
1692847948.625701,3.7701266,11.773239,4.428824
1692847948.725647,3.8091538,11.850993,4.4285407
1692847948.825619,3.8492417,11.930086,4.428163
1692847948.925696,3.8947492,12.020598,4.4265985
1692847949.026121,3.9413445,12.113964,4.42515
1692847949.125901,3.9845383,12.201088,4.4249573
1692847949.225652,4.0268006,12.2869215,4.425255
1692847949.32596,4.070639,12.376322,4.42522
1692847949.425777,4.114305,12.464925,4.4249477
1692847949.525893,4.1571736,12.550928,4.4246593
1692847949.625701,4.2012196,12.638977,4.4243846
1692847949.725742,4.248417,12.733847,4.424093
1692847949.825702,4.2969513,12.832388,4.4236884
1692847949.925723,4.3450103,12.93106,4.4231577
1692847950.025582,4.391924,13.027637,4.422765
1692847950.125765,4.4374804,13.120977,4.422774
1692847950.225678,4.4806294,13.209247,4.4232965
1692847950.326001,4.5209904,13.292245,4.424397
1692847950.425687,4.561506,13.377876,4.425657
1692847950.52571,4.60946,13.484064,4.4262557
1692847950.625698,4.6636715,13.607966,4.4259663
1692847950.726003,4.7162557,13.730063,4.425109
1692847950.826024,4.761126,13.835182,4.4240546
1692847950.926116,4.8008313,13.928881,4.423243
1692847951.025734,4.838298,14.017761,4.4230323
1692847951.125686,4.874354,14.103725,4.4234686
1692847951.225707,4.9089193,14.186572,4.4245462
1692847951.325833,4.9420266,14.266369,4.4262595
1692847951.425767,4.9736032,14.342928,4.428593
1692847951.525842,5.00378,14.4165535,4.431546
1692847951.625703,5.0324755,14.487034,4.4350986
1692847951.726064,5.0599127,14.554904,4.4392705
1692847951.825725,5.0857925,14.61941,4.444001
1692847951.926026,5.110488,14.681465,4.449345
1692847952.02587,5.133749,14.740429,4.4552374
1692847952.126029,5.155783,14.796811,4.461713
1692847952.225608,5.176422,14.8501625,4.4687037
1692847952.325996,5.195974,14.901264,4.4763007
1692847952.425637,5.214158,14.949368,4.484378
1692847952.526284,5.2313147,14.995356,4.4930706
1692847952.625611,5.2470765,15.038222,4.502167
1692847952.725896,5.261835,15.07901,4.511865
1692847952.825877,5.2754188,15.117228,4.522039
1692847952.925897,5.2879014,15.153061,4.532712
1692847953.025596,5.299268,15.186439,4.5438366
1692847953.125976,5.30965,15.217728,4.5555177
1692847953.225716,5.318935,15.24656,4.567593
1692847953.326317,5.327283,15.273411,4.5802383
1692847953.425723,5.3345532,15.297786,4.593184
1692847953.525895,5.340919,15.320226,4.6066732
1692847953.625585,5.3463216,15.340489,4.6205325
1692847953.726015,5.350847,15.358861,4.6349235
1692847953.825987,5.3544617,15.375159,4.6496687
1692847953.926339,5.3572216,15.38957,4.6648827
1692847954.025962,5.359125,15.40199,4.680386
1692847954.125922,5.360221,15.412607,4.696334
1692847954.22589,5.3605256,15.421424,4.7126675
1692847954.325778,5.360064,15.428481,4.729364
1692847954.42597,5.3588557,15.433844,4.746479
1692847954.52598,5.3569293,15.4375305,4.7639227
1692847954.625569,5.35432,15.439591,4.781641
1692847954.725643,5.3510275,15.440091,4.799787
1692847954.825723,5.3470864,15.43906,4.8182683
1692847954.926135,5.3425055,15.436534,4.837138
1692847955.025666,5.337369,15.432601,4.856157
1692847955.12564,5.331637,15.427263,4.875567
1692847955.225651,5.3253517,15.42058,4.895283
1692847955.326213,5.318501,15.412549,4.9154015
1692847955.425856,5.311212,15.403342,4.935617
1692847955.526196,5.303393,15.39286,4.9562483
1692847955.625691,5.295188,15.381312,4.9769697
1692847955.726422,5.2864475,15.368496,4.9982066
1692847955.825728,5.277428,15.354798,5.019389
1692847955.961644,5.264478,15.334422,5.048762
1692847956.061554,5.2545443,15.318305,5.0706224
1692847956.161759,5.244256,15.301223,5.0927677
1692847956.261532,5.2337117,15.283345,5.1150274
1692847956.361511,5.22287,15.264607,5.1375346
1692847956.461693,5.2117534,15.245051,5.1602817
1692847956.561584,5.200441,15.22482,5.183147
1692847956.6616,5.18891,15.203877,5.206218
1692847956.761592,5.177202,15.182298,5.2294507
1692847956.861609,5.1653357,15.160117,5.2528486
1692847956.961837,5.153312,15.13734,5.276447
1692847957.061796,5.1412134,15.114118,5.300124
1692847957.16175,5.1290317,15.090441,5.3239336
1692847957.261929,5.116763,15.066298,5.3479223
1692847957.361564,5.1045265,15.041921,5.3718963
1692847957.461642,5.0922246,15.017115,5.3960853
1692847957.561586,5.0799522,14.992068,5.4203405
1692847957.66161,5.067707,14.966772,5.4447064
1692847957.76181,5.0555024,14.941249,5.4691978
1692847957.861818,5.0434065,14.915637,5.493716
1692847957.961735,5.031431,14.889956,5.5182767
1692847958.061815,5.0195704,14.864189,5.542934
1692847958.16177,5.007882,14.838454,5.567609
1692847958.261672,4.996382,14.812778,5.59231
1692847958.36162,4.9850826,14.787183,5.6170535
1692847958.461613,4.974008,14.761714,5.6418304
1692847958.561536,4.963196,14.736445,5.6666036
1692847958.661588,4.9526477,14.711373,5.6914144
1692847958.76146,4.9424214,14.686622,5.716177
1692847958.86163,4.9324913,14.662117,5.741002
1692847958.961626,4.9229302,14.638021,5.7657633
1692847959.061602,4.913746,14.614344,5.790491
1692847959.161534,4.9049644,14.591134,5.8151703
1692847959.261601,4.8965945,14.5683975,5.8398366
1692847959.361774,4.8886647,14.546188,5.864475
1692847959.461645,4.88123,14.524641,5.888975
1692847959.561596,4.8742843,14.503717,5.913424
1692847959.661717,4.8678474,14.483446,5.937834
1692847959.761618,4.8619685,14.463952,5.9621015
1692847959.861704,4.856647,14.445201,5.986316
1692847959.961545,4.8519297,14.42732,6.0103664
1692847960.061552,4.8478208,14.410278,6.0343423
1692847960.161573,4.844352,14.394151,6.0581985
1692847960.262002,4.8415375,14.378926,6.0820193
1692847960.361478,4.839435,14.364848,6.105475
1692847960.461787,4.8380294,14.351708,6.128978
1692847960.561783,4.837366,14.339711,6.1522503
1692847960.661768,4.837464,14.32886,6.1753545
1692847960.761706,4.8383465,14.319203,6.1982737
1692847960.861652,4.839968,14.3107605,6.221061
1692847960.96177,4.8415265,14.303296,6.244338
1692847961.061647,4.841773,14.296482,6.2689066
1692847961.161503,4.840309,14.29034,6.295297
1692847961.261662,4.8376646,14.28533,6.3235874
1692847961.361661,4.8340683,14.281518,6.353103
1692847961.461581,4.829332,14.278404,6.382761
1692847961.561567,4.8240666,14.275627,6.4127502
1692847961.661597,4.819809,14.273042,6.4446025
1692847961.761534,4.817368,14.270871,6.4780354
1692847961.861454,4.8166533,14.269721,6.5108204
1692847961.961487,4.8172655,14.269627,6.54265
1692847962.061472,4.8185143,14.269967,6.575343
1692847962.161586,4.820009,14.27036,6.609207
1692847962.261736,4.8217206,14.270747,6.6424665
1692847962.361658,4.823585,14.271078,6.674448
1692847962.461618,4.8254976,14.271289,6.7061777
1692847962.561743,4.8277297,14.271249,6.7381496
1692847962.661499,4.830975,14.270753,6.76998
1692847962.761593,4.835818,14.269654,6.801766
1692847962.861561,4.8420076,14.268122,6.833796
1692847962.961657,4.84896,14.266428,6.866141
1692847963.061611,4.8553925,14.264969,6.8958383
1692847963.161558,4.8602934,14.264211,6.92051
1692847963.261528,4.864587,14.264843,6.9435267
1692847963.361701,4.8694544,14.267329,6.9690356
1692847963.461856,4.874663,14.270748,6.9969134
1692847963.561539,4.8796186,14.273903,7.025636
1692847963.661656,4.884136,14.276424,7.053542
1692847963.761704,4.8881297,14.278193,7.079062
1692847963.861543,4.891758,14.279151,7.104012
1692847963.961566,4.8951845,14.2792225,7.1307235
1692847964.061507,4.8981586,14.278136,7.1585593
1692847964.161555,4.900433,14.27571,7.1863813
1692847964.261588,4.902265,14.272471,7.214091
1692847964.361745,4.904018,14.268991,7.242049
1692847964.462286,4.905786,14.265056,7.2708936
1692847964.561674,4.9075723,14.260423,7.3005157
1692847964.66164,4.90954,14.255387,7.330218
1692847964.761645,4.911773,14.250551,7.358727
1692847964.861597,4.913997,14.246384,7.387892
1692847964.961553,4.915863,14.243215,7.419408
1692847965.061257,4.917169,14.240911,7.449541
1692847965.161279,4.9178143,14.239139,7.474613
1692847965.261427,4.9179177,14.237382,7.4983497
1692847965.361611,4.917612,14.235198,7.525864
1692847965.461607,4.916727,14.232807,7.556694
1692847965.561553,4.9151173,14.230576,7.5889177
1692847965.661471,4.9132433,14.228684,7.620647
1692847965.761482,4.9117117,14.227256,7.65028
1692847965.861397,4.910616,14.226428,7.6787286
1692847965.961381,4.9097247,14.226353,7.708563
1692847966.061786,4.908873,14.227365,7.741348
1692847966.161549,4.9079876,14.229939,7.7768893
1692847966.2619,4.907087,14.233818,7.8130517
1692847966.361539,4.90633,14.237752,7.8438888
1692847966.46155,4.9055643,14.240996,7.8700128
1692847966.561601,4.904317,14.243294,7.8981795
1692847966.663018,4.9025197,14.24466,7.930836
1692847966.761457,4.9007397,14.245325,7.9623775
1692847966.862021,4.8989487,14.2456875,7.9924097
1692847966.961501,4.8967457,14.246158,8.020899
1692847967.061502,4.8940873,14.247005,8.048919
1692847967.161408,4.8915067,14.2483015,8.076309
1692847967.261408,4.889215,14.250066,8.103444
1692847967.361311,4.887051,14.252263,8.130956
1692847967.461333,4.8848963,14.254899,8.158611
1692847967.561363,4.8827257,14.257999,8.184945
1692847967.661463,4.8807116,14.26137,8.208602
1692847967.761501,4.879249,14.264544,8.228343
1692847967.861733,4.8780537,14.26753,8.242996
1692847967.962106,4.8759365,14.270977,8.251332
1692847968.061282,4.873026,14.275125,8.253389
1692847968.161251,4.8707814,14.279894,8.250673
1692847968.261336,4.869854,14.284551,8.245604
1692847968.36129,4.8697643,14.287788,8.241733
1692847968.46141,4.8703103,14.2892885,8.24135
1692847968.561601,4.8716846,14.289884,8.245231
1692847968.661402,4.8736424,14.29007,8.2528305
1692847968.761338,4.8751893,14.289656,8.261649
1692847968.861269,4.875604,14.288613,8.269507
1692847968.961467,4.875614,14.287872,8.276489
1692847969.061207,4.8761992,14.288373,8.283149
1692847969.161277,4.8775,14.289233,8.289976
1692847969.261604,4.8794084,14.28912,8.297185
1692847969.361513,4.882521,14.288727,8.304252
1692847969.461786,4.8876557,14.289323,8.310549
1692847969.561163,4.8943877,14.291087,8.315538
1692847969.661391,4.901258,14.293077,8.319078
1692847969.761407,4.907415,14.294768,8.321174
1692847969.861573,4.9130554,14.2962475,8.322195
1692847969.961469,4.918001,14.297518,8.322354
1692847970.06146,4.921694,14.298481,8.321696
1692847970.161476,4.924244,14.299269,8.3208885
1692847970.261504,4.926605,14.300302,8.321326
1692847970.361465,4.9291654,14.3019085,8.323332
1692847970.461176,4.9315853,14.304259,8.325897
1692847970.56136,4.933615,14.307024,8.32767
1692847970.661298,4.9350853,14.309344,8.32704
1692847970.761302,4.936014,14.311148,8.324402
1692847970.861562,4.936622,14.31331,8.322627
1692847970.961469,4.9371443,14.315888,8.323692
1692847971.061459,4.9378085,14.31799,8.328315
1692847971.161431,4.938451,14.319574,8.337555
1692847971.261358,4.938521,14.321508,8.352852
1692847971.36129,4.9376736,14.323845,8.374913
1692847971.46152,4.9358344,14.325616,8.403537
1692847971.561344,4.933146,14.32677,8.436128
1692847971.661527,4.9299245,14.328465,8.468083
1692847971.761503,4.926334,14.331184,8.494073
1692847971.86139,4.9222775,14.334523,8.508825
1692847971.961449,4.9176083,14.337659,8.510109
1692847972.061484,4.912142,14.338813,8.503298
1692847972.161368,4.9054976,14.3357935,8.4943695
1692847972.261271,4.8964386,14.325131,8.486522
1692847972.361351,4.8839664,14.304189,8.481611
1692847972.461578,4.869457,14.2763,8.4787445
1692847972.561476,4.8542976,14.245359,8.476303
1692847972.661419,4.835217,14.206781,8.473274
1692847972.761345,4.808319,14.1546135,8.468825
1692847972.861319,4.774507,14.090391,8.461804
1692847972.961283,4.736256,14.018008,8.451838
1692847973.061446,4.6960387,13.940797,8.442609
1692847973.16119,4.6562295,13.862007,8.438057
1692847973.261435,4.616251,13.780527,8.436959
1692847973.361401,4.575426,13.695605,8.436566
1692847973.461534,4.5314474,13.605606,8.434839
1692847973.56143,4.4811945,13.509866,8.430668
1692847973.661238,4.4248195,13.41001,8.424882
1692847973.761312,4.3663793,13.310524,8.420436
1692847973.861823,4.3081746,13.2127,8.418723
1692847973.961629,4.250802,13.114973,8.419102
1692847974.061985,4.1925006,13.01434,8.419868
1692847974.161907,4.1319,12.911314,8.418335
1692847974.261986,4.068097,12.80492,8.41397
1692847974.361874,4.0024343,12.695251,8.408759
1692847974.461893,3.936912,12.584392,8.40353
1692847974.561774,3.8751276,12.4784155,8.397534
1692847974.661926,3.816694,12.37658,8.389539
1692847974.761682,3.755999,12.269119,8.377899
1692847974.861661,3.6907551,12.152917,8.362366
1692847974.961656,3.6245823,12.036142,8.344604
1692847975.061721,3.5592287,11.922664,8.325857
1692847975.161603,3.494255,11.811197,8.30684
1692847975.261547,3.4290204,11.698942,8.287942
1692847975.361524,3.3633382,11.582706,8.269395
1692847975.461792,3.296333,11.459651,8.251433
1692847975.561523,3.2274208,11.329476,8.23456
1692847975.661692,3.1592228,11.198452,8.218997
1692847975.761762,3.1002724,11.084381,8.20522
1692847975.861721,3.049664,10.98512,8.192645
1692847975.961673,2.995525,10.875272,8.179541
1692847976.061771,2.934812,10.747482,8.165002
1692847976.16169,2.8761616,10.61835,8.149299
1692847976.261688,2.8239331,10.495326,8.132842
1692847976.361586,2.7773101,10.374879,8.116326
1692847976.461731,2.7355,10.25339,8.100756
1692847976.561664,2.6987193,10.129593,8.087685
1692847976.661652,2.667143,10.001125,8.077935
1692847976.761806,2.6413164,9.865685,8.071545
1692847976.861877,2.6215563,9.730783,8.068265
1692847976.961846,2.6076229,9.614538,8.067486
1692847977.06195,2.5975764,9.514866,8.0681715
1692847977.161746,2.5877354,9.407336,8.068847
1692847977.261703,2.5767415,9.285129,8.068984
1692847977.361602,2.5662005,9.164906,8.069156
1692847977.461219,2.5567663,9.052875,8.069489
1692847977.56148,2.547767,8.941163,8.069555
1692847977.661523,2.5392244,8.831814,8.069398
1692847977.761502,2.5317512,8.735727,8.06965
1692847977.861552,2.5248506,8.650919,8.0702915
1692847977.961831,2.516594,8.558702,8.070436
1692847978.061873,2.5060327,8.452911,8.069386
1692847978.161602,2.4934142,8.342135,8.066755
1692847978.261594,2.4800181,8.236278,8.062823
1692847978.363047,2.4682627,8.146021,8.058605
1692847978.461768,2.4582736,8.069154,8.05451
1692847978.561538,2.4460652,7.977883,8.049632
1692847978.661576,2.4304178,7.866812,8.043725
1692847978.761424,2.4132247,7.7554765,8.037223
1692847978.861617,2.3942232,7.650306,8.030525
1692847978.96163,2.3707936,7.542629,8.024074
1692847979.061663,2.3435585,7.4334025,8.017984
1692847979.161551,2.3171005,7.336422,8.012091
1692847979.261607,2.2917657,7.2501283,8.006278
1692847979.361408,2.2632456,7.156183,8.0006075
1692847979.461519,2.230179,7.047427,7.9956903
1692847979.561578,2.195602,6.9331007,7.992867
1692847979.661702,2.1609313,6.8185463,7.992309
1692847979.763288,2.125113,6.702538,7.9928546
1692847979.861571,2.0892515,6.5898156,7.9942064
1692847979.96161,2.0509963,6.4730253,7.997265
1692847980.061518,2.0103984,6.353451,8.00216
1692847980.161492,1.9666748,6.2309275,8.008089
1692847980.257648,1.9223301,6.112009,8.012912
1692847980.357941,1.8759211,5.990343,8.013824
1692847980.457673,1.8290365,5.8691463,8.0098295
1692847980.557931,1.7764541,5.7356715,8.003809
1692847980.657815,1.7195188,5.5932693,7.9983215
1692847980.757616,1.6695348,5.4692426,7.9945917
1692847980.857762,1.6282223,5.367205,7.9933205
1692847980.957653,1.5827507,5.254898,7.994659
1692847981.057739,1.5276728,5.1193695,7.99885
1692847981.157638,1.4696438,4.9788995,8.006259
1692847981.258044,1.414011,4.847161,8.015734
1692847981.357977,1.3649321,4.732858,8.023952
1692847981.457852,1.320319,4.6301436,8.030557
1692847981.55768,1.27178,4.518746,8.038826
1692847981.657911,1.2160751,4.3907647,8.049392
1692847981.757807,1.1581297,4.257737,8.059031
1692847981.85774,1.102735,4.1306543,8.066003
1692847981.957829,1.054694,4.020166,8.070635
1692847982.057709,1.0136719,3.924975,8.073455
1692847982.157952,0.97172374,3.8261044,8.075118
1692847982.257734,0.9263348,3.7162135,8.07595
1692847982.357666,0.881278,3.6013174,8.075891
1692847982.457361,0.8405498,3.490719,8.074934
1692847982.557328,0.80683345,3.394231,8.073186
1692847982.657448,0.7792466,3.31114,8.071036
1692847982.757376,0.75143117,3.2242956,8.069278
1692847982.857388,0.72075456,3.1274185,8.068129
1692847982.957671,0.6904242,3.0313232,8.067001
1692847983.057658,0.66367465,2.9457726,8.064814
1692847983.157467,0.6426195,2.8755898,8.059925
1692847983.25758,0.62747675,2.820271,8.052396
1692847983.357379,0.616239,2.773481,8.044694
1692847983.45759,0.60642016,2.730042,8.037504
1692847983.557569,0.5955526,2.688559,8.029168
1692847983.657529,0.5830926,2.6495247,8.020091
1692847983.75759,0.571279,2.616249,8.013857
1692847983.857895,0.56035805,2.5872545,8.012238
1692847983.957539,0.5476995,2.5545957,8.014113
1692847984.057492,0.53183514,2.5145857,8.017739
1692847984.157485,0.5135566,2.4709435,8.020803
1692847984.257592,0.49341425,2.4258006,8.021664
1692847984.357457,0.47159377,2.3789654,8.019597
1692847984.457621,0.44702578,2.3270469,8.014943
1692847984.557726,0.41760737,2.263952,8.009343
1692847984.65772,0.383951,2.1907074,8.003884
1692847984.757607,0.35036558,2.1180284,7.9987984
1692847984.857447,0.31687036,2.046627,7.9940658
1692847984.95735,0.27766278,1.9635595,7.9894304
1692847985.057497,0.22903028,1.8612555,7.9849734
1692847985.157401,0.1711663,1.7417598,7.9812765
1692847985.257527,0.10891141,1.6151961,7.978619
1692847985.357836,0.05374334,1.5032507,7.976902
1692847985.457805,0.0049187685,1.4037772,7.9760594
1692847985.561313,-0.0595373,1.2731411,7.9761004
1692847985.65792,-0.13451289,1.1215979,7.976467
1692847985.757641,-0.20505987,0.9779609,7.9759784
1692847985.857617,-0.2585835,0.8656474,7.974828
1692847985.957254,-0.30964896,0.75228226,7.975971
1692847986.057537,-0.3661462,0.6213314,7.9802
1692847986.157649,-0.42150146,0.4891536,7.985046
1692847986.257749,-0.46941698,0.37233913,7.989208
1692847986.357698,-0.5045213,0.2864235,7.993168
1692847986.45771,-0.5284428,0.2290753,7.9976645
1692847986.557698,-0.5513024,0.17613192,8.003583
1692847986.657613,-0.5773286,0.11739561,8.011287
1692847986.757776,-0.5994309,0.06971521,8.020237
1692847986.858116,-0.6131073,0.043270607,8.029579
1692847986.957901,-0.622266,0.0270942,8.038019
1692847987.057455,-0.630159,0.01242387,8.0459385
1692847987.157546,-0.63724554,-0.001787962,8.056104
1692847987.257711,-0.6437555,-0.015085427,8.068466
1692847987.357211,-0.65002406,-0.02606345,8.078991
1692847987.457175,-0.6559365,-0.03406721,8.08664
1692847987.557278,-0.6605563,-0.039029047,8.09408
1692847987.657402,-0.6633905,-0.041083876,8.1022215
1692847987.757528,-0.66461736,-0.04054329,8.109119
1692847987.857526,-0.66396856,-0.038137753,8.113995
1692847987.957458,-0.6604305,-0.03519874,8.118106
1692847988.057439,-0.652711,-0.03334823,8.121398
1692847988.157395,-0.63922644,-0.034539774,8.121868
1692847988.257389,-0.6175979,-0.04053743,8.11918
1692847988.357282,-0.5845338,-0.052803855,8.115306
1692847988.457324,-0.5372776,-0.0724512,8.111402
1692847988.557392,-0.47430107,-0.09998545,8.107343
1692847988.657554,-0.39898634,-0.1340165,8.103333
1692847988.757364,-0.32157895,-0.17047665,8.100187
1692847988.857815,-0.24328181,-0.20870294,8.099385
1692847988.957714,-0.1555224,-0.25137606,8.103292
1692847989.057699,-0.057396714,-0.29809892,8.111387
1692847989.157697,0.038327623,-0.34282798,8.119304
1692847989.257837,0.12018575,-0.38046527,8.1240015
1692847989.357892,0.17987102,-0.40782496,8.124946
1692847989.457795,0.21892536,-0.42581007,8.123512
1692847989.55793,0.25105074,-0.44028667,8.123196
1692847989.657758,0.28140894,-0.45331258,8.125372
1692847989.757692,0.3029619,-0.46155384,8.128289
1692847989.857637,0.31065986,-0.4626997,8.131082
1692847989.957943,0.30393982,-0.45662615,8.134492
1692847990.057964,0.28542745,-0.44492227,8.138754
1692847990.158395,0.26087528,-0.43081266,8.14342
1692847990.257705,0.23045707,-0.4142387,8.148258
1692847990.357767,0.18534032,-0.38991603,8.1536455
1692847990.457676,0.12352658,-0.35690972,8.158497
1692847990.557713,0.05131347,-0.3196374,8.160049
1692847990.65773,-0.021852061,-0.28345484,8.158079
1692847990.75764,-0.08379931,-0.2541349,8.155757
1692847990.8578,-0.13142096,-0.2330153,8.153313
1692847990.957822,-0.17411359,-0.21537293,8.146487
1692847991.05777,-0.2136005,-0.20003507,8.134435
1692847991.15788,-0.23847008,-0.19195272,8.121822
1692847991.257368,-0.24208297,-0.19395564,8.111735
1692847991.35776,-0.22560108,-0.20548907,8.104249
1692847991.457737,-0.19400299,-0.22353329,8.098946
1692847991.55778,-0.15609902,-0.24255268,8.094532
1692847991.657808,-0.11274254,-0.25932097,8.090269
1692847991.757953,-0.05353594,-0.27412874,8.08618
1692847991.858322,0.022207294,-0.28702748,8.08243
1692847991.957726,0.10010205,-0.2973059,8.079336
1692847992.057745,0.1709774,-0.30480102,8.076623
1692847992.157725,0.23698889,-0.3100536,8.072396
1692847992.257832,0.30199894,-0.31380233,8.065013
1692847992.358073,0.36095652,-0.3163385,8.056248
1692847992.458046,0.4075878,-0.31755853,8.048479
1692847992.557955,0.4458669,-0.31608456,8.041044
1692847992.657919,0.4827049,-0.31015152,8.032353
1692847992.757749,0.5179348,-0.29984307,8.022108
1692847992.85789,0.5424252,-0.28754437,8.011619
1692847992.957834,0.5522517,-0.2728596,8.001965
1692847993.057753,0.5514172,-0.2515025,7.993554
1692847993.157879,0.54138625,-0.22177039,7.9858294
1692847993.257856,0.5199399,-0.18587407,7.977112
1692847993.357917,0.48797208,-0.14598435,7.9671144
1692847993.457825,0.45100096,-0.104309045,7.9575605
1692847993.557854,0.41415092,-0.0635564,7.949015
1692847993.65776,0.38195688,-0.027449355,7.9404655
1692847993.757932,0.3553129,0.0073617212,7.9322743
1692847993.858292,0.3306454,0.053525712,7.926978
1692847993.957816,0.30829528,0.11548515,7.9259114
1692847994.057733,0.29345366,0.18808602,7.9285107
1692847994.158723,0.28981483,0.27285093,7.933063
1692847994.257983,0.29787797,0.37723243,7.936256
1692847994.357763,0.31490353,0.49937502,7.9371305
1692847994.458165,0.33435854,0.61686367,7.93754
1692847994.557783,0.35401863,0.7243815,7.9384594
1692847994.657678,0.3788808,0.8468559,7.9393716
1692847994.757676,0.40906578,0.9870303,7.9400625
1692847994.858067,0.43753162,1.1159022,7.940913
1692847994.957952,0.45962328,1.2142469,7.941877
1692847995.057761,0.47546324,1.28308,7.942329
1692847995.15765,0.48594514,1.3295902,7.9423566
1692847995.257695,0.4926482,1.3675225,7.942993
1692847995.357939,0.49591094,1.4023811,7.945539
1692847995.457767,0.4942786,1.4270644,7.9515114
1692847995.557884,0.48790348,1.4390464,7.961135
1692847995.657782,0.47917202,1.442084,7.972803
1692847995.75792,0.46990058,1.4391246,7.984857
1692847995.857851,0.46108088,1.4313082,7.9955106
1692847995.957719,0.45167348,1.4177185,8.00402
1692847996.057833,0.4379044,1.3946384,8.011038
1692847996.157981,0.41866407,1.3613292,8.017041
1692847996.257758,0.39670056,1.3213606,8.022166
1692847996.357741,0.37242487,1.2750973,8.02618
1692847996.458109,0.34324494,1.2190187,8.028313
1692847996.557925,0.310466,1.1558414,8.028708
1692847996.657848,0.27968994,1.094727,8.028768
1692847996.757754,0.25168398,1.0356194,8.028737
1692847996.857869,0.21956795,0.9640576,8.027123
1692847996.958003,0.18051445,0.875106,8.022259
1692847997.057747,0.13771006,0.77763,8.012531
1692847997.157752,0.09287361,0.67690134,7.9988084
1692847997.258079,0.046074867,0.57411957,7.9853873
1692847997.357889,-0.0025319722,0.47056866,7.9746056
1692847997.457875,-0.053797707,0.36527455,7.9654593
1692847997.557666,-0.107102804,0.260312,7.9571614
1692847997.657709,-0.16095689,0.15946929,7.949288
1692847997.757794,-0.21389546,0.06315171,7.941945
1692847997.857717,-0.26506484,-0.03329546,7.9357667
1692847997.957886,-0.31566957,-0.13271195,7.9314184
1692847998.058052,-0.36877933,-0.23360656,7.929637
1692847998.157963,-0.42363447,-0.33157083,7.930229
1692847998.257914,-0.47465706,-0.419394,7.931827
1692847998.357821,-0.520758,-0.49767342,7.933888
1692847998.457737,-0.57002455,-0.5823441,7.937497
1692847998.55774,-0.6300387,-0.68801886,7.9437485
1692847998.657796,-0.69702876,-0.8066795,7.952461
1692847998.75782,-0.7620844,-0.9200654,7.962864
1692847998.857837,-0.82020104,-1.0176014,7.9743533
1692847998.95832,-0.8716634,-1.0990773,7.9866223
1692847999.058249,-0.91610056,-1.1646249,8.00024
1692847999.158134,-0.95361215,-1.2166445,8.01722
1692847999.257775,-0.98404694,-1.2557831,8.037027
1692847999.357807,-1.0076175,-1.281263,8.055966
1692847999.457685,-1.0243682,-1.293651,8.071982
1692847999.557989,-1.0347755,-1.2962793,8.086092
1692847999.657749,-1.0388554,-1.2906173,8.09886
1692847999.757349,-1.0361513,-1.2740679,8.110127
1692847999.857642,-1.0270312,-1.2464765,8.119099
1692847999.957489,-1.0137624,-1.2136405,8.123909
1692848000.057348,-0.9947225,-1.1737885,8.125196
1692848000.157357,-0.9629754,-1.1147685,8.126855
1692848000.257419,-0.9199129,-1.0383713,8.129771
1692848000.357426,-0.87821275,-0.9654163,8.130569
1692848000.457496,-0.8405214,-0.90027136,8.127781
1692848000.557569,-0.79545045,-0.82425976,8.122877
1692848000.657576,-0.73964906,-0.7317204,8.117544
1692848000.758603,-0.6816162,-0.6361969,8.11342
1692848000.857357,-0.6303609,-0.55204326,8.111497
1692848000.957396,-0.5873257,-0.4811775,8.11156
1692848001.05736,-0.55464685,-0.4269112,8.113894
1692848001.157276,-0.53144515,-0.3879079,8.119293
1692848001.257472,-0.5157683,-0.36004704,8.127596
1692848001.357552,-0.50461006,-0.33614594,8.137248
1692848001.457422,-0.49618477,-0.3129962,8.147542
1692848001.557406,-0.49049765,-0.29296085,8.159006
1692848001.65756,-0.48722404,-0.27766454,8.17104
1692848001.757655,-0.48540232,-0.2671553,8.181453
1692848001.857485,-0.4846426,-0.2605918,8.189619
1692848001.957774,-0.48541772,-0.2560966,8.197217
1692848002.057581,-0.48785126,-0.2528452,8.2042
1692848002.157816,-0.49160096,-0.25116146,8.208594
1692848002.25749,-0.4957313,-0.25071773,8.21017
1692848002.357717,-0.4986845,-0.25009307,8.211477
1692848002.457477,-0.49962267,-0.24835023,8.213358
1692848002.557501,-0.49892667,-0.2452922,8.214071
1692848002.65739,-0.4968199,-0.24048485,8.212188
1692848002.757509,-0.49319556,-0.23302685,8.206981
1692848002.857527,-0.48762152,-0.22178419,8.198037
1692848002.95784,-0.4786228,-0.20478839,8.185633
1692848003.057433,-0.46518072,-0.18098311,8.17092
1692848003.157479,-0.44745627,-0.15109664,8.1563425
1692848003.257523,-0.42583534,-0.116254255,8.144465
1692848003.357656,-0.3989023,-0.07472418,8.134748
1692848003.457465,-0.36465445,-0.023800759,8.125345
1692848003.557441,-0.3223161,0.03856806,8.115726
1692848003.657471,-0.2733012,0.112676896,8.107243
1692848003.757755,-0.22018169,0.19591263,8.100294
1692848003.857757,-0.16746047,0.28097463,8.093933
1692848003.957656,-0.117500074,0.3630377,8.088258
1692848004.057495,-0.06998943,0.44046265,8.085053
1692848004.157554,-0.020746266,0.5204122,8.084774
1692848004.257257,0.0385965,0.6203207,8.085918
1692848004.35759,0.10846609,0.7426718,8.087861
1692848004.457611,0.17512657,0.8634439,8.091384
1692848004.557865,0.2341468,0.97336644,8.09746
1692848004.657587,0.2931244,1.0822483,8.10705
1692848004.75754,0.35889298,1.1991861,8.120564
1692848004.857828,0.42413616,1.3119683,8.134777
1692848004.959574,0.48032445,1.4073774,8.145992
1692848005.057486,0.5317278,1.4945563,8.1537485
1692848005.157598,0.5914753,1.597539,8.159899
1692848005.257507,0.65568846,1.7098653,8.165944
1692848005.357518,0.7185945,1.8214028,8.173424
1692848005.457572,0.78011,1.9322996,8.18202
1692848005.55759,0.84197795,2.0458424,8.191009
1692848005.657885,0.9048233,2.162296,8.201227
1692848005.757513,0.96757865,2.2790296,8.213489
1692848005.857573,1.0285158,2.3957658,8.225964
1692848005.957683,1.084911,2.511327,8.2361555
1692848006.057327,1.1374842,2.6289911,8.244432
1692848006.157743,1.1884964,2.7540357,8.251892
1692848006.257546,1.2357992,2.8792543,8.257291
1692848006.35749,1.2779166,2.9988403,8.259182
1692848006.457537,1.3166194,3.117218,8.258219
1692848006.558242,1.3548498,3.2426934,8.255649
1692848006.657367,1.3915347,3.372692,8.25152
1692848006.757416,1.4259986,3.507356,8.245107
1692848006.857587,1.4572352,3.6444333,8.236197
1692848006.957848,1.4857923,3.7851686,8.225121
1692848007.058069,1.5123668,3.9299161,8.212631
1692848007.157562,1.5376155,4.076711,8.200094
1692848007.257609,1.5617114,4.221002,8.188711
1692848007.357557,1.5830566,4.3484664,8.179988
1692848007.457444,1.6029835,4.464569,8.17426
1692848007.557464,1.6268654,4.6021504,8.170324
1692848007.657593,1.6558895,4.7683353,8.167918
1692848007.757718,1.6848135,4.930461,8.168265
1692848007.857656,1.7103539,5.0666027,8.172302
1692848007.957555,1.7371093,5.1990867,8.17975
1692848008.057644,1.7702162,5.354128,8.190037
1692848008.157637,1.8065166,5.5191107,8.201887
1692848008.257547,1.8392187,5.6643715,8.213751
1692848008.357639,1.8680216,5.788025,8.224575
1692848008.45759,1.9011197,5.9245906,8.233887
1692848008.557753,1.939691,6.079981,8.241479
1692848008.657816,1.9746392,6.2179494,8.24729
1692848008.757867,2.005063,6.3333454,8.251301
1692848008.8574,2.0409918,6.462796,8.253494
1692848008.957525,2.0859263,6.620185,8.254301
1692848009.057383,2.1313636,6.777026,8.254729
1692848009.157453,2.1743631,6.922033,8.255639
1692848009.257532,2.219554,7.06746,8.257596
1692848009.35819,2.266999,7.213957,8.261182
1692848009.457678,2.3081298,7.3389735,8.266854
1692848009.55762,2.342947,7.4453506,8.273943
1692848009.657563,2.3816729,7.5655904,8.279799
1692848009.757531,2.4263752,7.7058053,8.282993
1692848009.857616,2.4667287,7.832449,8.283938
1692848009.957489,2.5004323,7.93764,8.283648
1692848010.057619,2.5380516,8.054614,8.283753
1692848010.157685,2.5820642,8.19034,8.283922
1692848010.257598,2.6228914,8.312663,8.281065
1692848010.357552,2.658174,8.41333,8.274659
1692848010.457595,2.6960618,8.518836,8.267848
1692848010.557579,2.7404487,8.640869,8.262161
1692848010.657485,2.788841,8.768972,8.256659
1692848010.75758,2.8389103,8.893891,8.250374
1692848010.85759,2.8905978,9.018823,8.243266
1692848010.957691,2.9441779,9.149279,8.235685
1692848011.057786,2.9952183,9.273645,8.228578
1692848011.15766,3.0395877,9.379267,8.222631
1692848011.257604,3.0844707,9.482442,8.215856
1692848011.357594,3.1381333,9.602863,8.2062025
1692848011.457473,3.1938481,9.72529,8.196429
1692848011.557503,3.2426684,9.829132,8.189779
1692848011.657614,3.2933664,9.934177,8.182092
1692848011.757674,3.3576615,10.067783,8.167589
1692848011.857602,3.422263,10.205281,8.148603
1692848011.957557,3.4698257,10.312835,8.129481
1692848012.057618,3.5108237,10.410381,8.109435
1692848012.15758,3.562214,10.5298605,8.086813
1692848012.257591,3.6219568,10.663705,8.065202
1692848012.357629,3.682153,10.793303,8.04861
1692848012.457585,3.7432222,10.924211,8.031651
1692848012.557701,3.8076868,11.067763,8.006825
1692848012.657692,3.8697863,11.210413,7.976142
1692848012.75762,3.9225092,11.333598,7.9446907
1692848012.857622,3.9719737,11.45174,7.9115863
1692848012.957847,4.0280066,11.588638,7.8741283
1692848013.057792,4.0899177,11.741945,7.833807
1692848013.157489,4.153184,11.899917,7.7934933
1692848013.257501,4.2106905,12.045223,7.756873
1692848013.357596,4.256507,12.163762,7.726698
1692848013.457664,4.301076,12.282142,7.6958966
1692848013.557901,4.3586135,12.435461,7.6556754
1692848013.657643,4.425885,12.608975,7.611599
1692848013.757469,4.4944406,12.774137,7.5726595
1692848013.857633,4.5625806,12.929245,7.536477
1692848013.957669,4.630476,13.080931,7.497933
1692848014.057595,4.6976123,13.232983,7.459207
1692848014.157556,4.7625113,13.385321,7.4247274
1692848014.257897,4.8200827,13.52324,7.396401
1692848014.357651,4.86497,13.630748,7.374852
1692848014.45794,4.9027524,13.726334,7.3557115
1692848014.557661,4.9401436,13.832869,7.3345037
1692848014.657619,4.9739227,13.940766,7.3138046
1692848014.757889,4.997097,14.027887,7.2986746
1692848014.858144,5.0098815,14.091385,7.288713
1692848014.957701,5.015209,14.135973,7.2814817
1692848015.057854,5.0164533,14.172019,7.273833
1692848015.157974,5.0167184,14.209728,7.2630854
1692848015.257285,5.016848,14.24629,7.250896
1692848015.357187,5.0166445,14.275799,7.239598
1692848015.45737,5.014817,14.302375,7.225404
1692848015.557168,5.0100427,14.334267,7.202862
1692848015.657282,5.0043406,14.3709,7.176503
1692848015.757606,5.000576,14.407453,7.154038
1692848015.857444,4.997924,14.438036,7.13553
1692848015.957315,4.994322,14.457904,7.1183968
1692848016.057399,4.9887953,14.467987,7.103207
1692848016.157336,4.9810853,14.471349,7.091242
1692848016.257362,4.9724693,14.4711895,7.080969
1692848016.357327,4.964301,14.47016,7.0699296
1692848016.457612,4.9550076,14.467558,7.0552874
1692848016.557713,4.9425797,14.461857,7.035023
1692848016.657473,4.9288025,14.454198,7.0127206
1692848016.757417,4.916909,14.446749,6.9940624
1692848016.857409,4.907695,14.440184,6.9799004
1692848016.957488,4.897747,14.432635,6.962863
1692848017.057546,4.8853736,14.423938,6.940903
1692848017.157382,4.8718047,14.41656,6.9202785
1692848017.257303,4.8583817,14.412175,6.9032354
1692848017.357496,4.8464336,14.411161,6.8858852
1692848017.458609,4.8373675,14.413298,6.867827
1692848017.557985,4.832891,14.417487,6.854725
1692848017.65804,4.8332973,14.422774,6.8471127
1692848017.757599,4.837649,14.428135,6.839688
1692848017.85763,4.8455124,14.432818,6.8294926
1692848017.957683,4.8571625,14.436214,6.817756
1692848018.057693,4.8718433,14.437834,6.8060117
1692848018.157928,4.8873887,14.437322,6.795783
1692848018.257801,4.9026885,14.435182,6.7880597
1692848018.357526,4.9184957,14.433021,6.7828827
1692848018.457462,4.9349747,14.4317255,6.7796187
1692848018.557396,4.9512115,14.431109,6.7768188
1692848018.657745,4.9671493,14.430721,6.7739267
1692848018.757492,4.9836535,14.429868,6.7718096
1692848018.857378,5.000079,14.428265,6.770195
1692848018.958005,5.013118,14.426223,6.7671475
1692848019.057628,5.020782,14.423632,6.7620826
1692848019.157566,5.0246825,14.419411,6.756808
1692848019.257807,5.0272384,14.4138365,6.7532554
1692848019.357487,5.031722,14.409257,6.75306
1692848019.457644,5.0386224,14.407117,6.7560263
1692848019.557457,5.0443616,14.407588,6.759513
1692848019.657555,5.047483,14.410452,6.7610707
1692848019.757779,5.0499506,14.415097,6.758739
1692848019.85788,5.053803,14.421151,6.751747
1692848019.957567,5.0606823,14.428602,6.7409177
1692848020.057713,5.070176,14.436542,6.727016
1692848020.157495,5.0791097,14.442681,6.7110276
1692848020.257978,5.086166,14.446273,6.695433
1692848020.357629,5.0924344,14.448551,6.6854844
1692848020.457661,5.098533,14.450257,6.683434
1692848020.557687,5.1037755,14.451052,6.687749
1692848020.657744,5.1083536,14.451262,6.6969795
1692848020.757597,5.1137815,14.452263,6.7103
1692848020.857497,5.1206355,14.454793,6.7280765
1692848020.957515,5.1280265,14.458609,6.7521515
1692848021.057614,5.135193,14.463349,6.7834764
1692848021.157822,5.14172,14.4686,6.821634
1692848021.257516,5.147323,14.474099,6.865749
1692848021.358181,5.1520257,14.479964,6.915843
1692848021.457644,5.155815,14.48614,6.9699855
1692848021.557806,5.1590295,14.492828,7.0280933
1692848021.657732,5.1618752,14.499844,7.0869837
1692848021.7577,5.1645627,14.506782,7.1420016
1692848021.857735,5.1672654,14.513674,7.1932106
1692848021.95771,5.170104,14.521453,7.2503715
1692848022.057558,5.173009,14.530051,7.315619
1692848022.157954,5.175625,14.537637,7.3771577
1692848022.257616,5.1776958,14.543217,7.43069
1692848022.357579,5.179236,14.547326,7.4851317
1692848022.458701,5.1803136,14.550184,7.5437927
1692848022.557506,5.181049,14.551467,7.5987263
1692848022.657534,5.1816096,14.551314,7.650891
1692848022.758087,5.182077,14.550447,7.7095513
1692848022.857677,5.182408,14.549544,7.7762847
1692848022.957581,5.182401,14.549003,7.8425694
1692848023.057641,5.1819806,14.549064,7.9061093
1692848023.157611,5.1812387,14.549791,7.9735637
1692848023.257506,5.1802573,14.551012,8.042815
1692848023.357523,5.1790833,14.552292,8.100621
1692848023.457628,5.177567,14.553433,8.15039
1692848023.557472,5.175351,14.554549,8.215441
1692848023.657807,5.172629,14.555805,8.297268
1692848023.757736,5.1702886,14.557343,8.368993
1692848023.857784,5.168457,14.559003,8.4281025
1692848023.958056,5.1668386,14.560454,8.485668
1692848024.057815,5.1652336,14.561618,8.546433
1692848024.157556,5.163497,14.562654,8.610746
1692848024.257397,5.1615715,14.5637665,8.678064
1692848024.357511,5.1595154,14.5652275,8.747087
1692848024.457669,5.157438,14.567005,8.816466
1692848024.55771,5.155498,14.568599,8.885373
1692848024.657618,5.153816,14.569588,8.952934
1692848024.757553,5.152285,14.570202,9.017366
1692848024.857648,5.150739,14.570834,9.077064
1692848024.957556,5.1491475,14.571356,9.13531
1692848025.058547,5.147526,14.571369,9.19911
1692848025.157736,5.145969,14.570803,9.2694645
1692848025.257951,5.144499,14.569995,9.346704
1692848025.357718,5.1431975,14.569245,9.423288
1692848025.457893,5.142096,14.56871,9.487542
1692848025.558088,5.1410804,14.568247,9.541481
1692848025.657511,5.1398573,14.567369,9.604372
1692848025.757478,5.1382704,14.565778,9.683429
1692848025.85752,5.1364284,14.563491,9.76503
1692848025.957475,5.134623,14.560736,9.838928
1692848026.057888,5.1333485,14.557943,9.901873
1692848026.157675,5.1325717,14.555016,9.957119
1692848026.257967,5.1315484,14.551068,10.017907
1692848026.357725,5.1299987,14.546049,10.088555
1692848026.457524,5.1283193,14.540981,10.162637
1692848026.557657,5.1267824,14.536524,10.233066
1692848026.657445,5.1254444,14.532771,10.292853
1692848026.757501,5.124215,14.529362,10.345097
1692848026.857651,5.1228914,14.525545,10.403179
1692848026.95773,5.1215024,14.52137,10.471893
1692848027.057638,5.1203737,14.517901,10.544392
1692848027.157594,5.119642,14.515501,10.614265
1692848027.257689,5.1192017,14.513627,10.676325
1692848027.357593,5.1190176,14.511917,10.732297
1692848027.457406,5.1191525,14.510293,10.792676
1692848027.557545,5.1194005,14.508807,10.861976
1692848027.657594,5.1192384,14.507667,10.936048
1692848027.757647,5.118522,14.506954,11.008843
1692848027.857598,5.117567,14.506611,11.072443
1692848027.957515,5.11649,14.506529,11.128332
1692848028.057598,5.115135,14.506554,11.189121
1692848028.157451,5.113318,14.506519,11.25928
1692848028.257627,5.1108174,14.506264,11.333383
1692848028.35744,5.1079817,14.50601,11.40633
1692848028.457539,5.105878,14.506516,11.476724
1692848028.557833,5.1048884,14.508051,11.545106
1692848028.658012,5.1043024,14.510113,11.61514
1692848028.757694,5.1034307,14.512161,11.688823
1692848028.85764,5.102159,14.513809,11.758728
1692848028.958021,5.100609,14.514778,11.816625
1692848029.057658,5.099109,14.515253,11.872956
1692848029.157699,5.097967,14.515591,11.943028
1692848029.257623,5.097196,14.516017,12.020173
1692848029.358008,5.0966616,14.516592,12.092815
1692848029.458283,5.0961437,14.516631,12.162697
1692848029.557781,5.0954523,14.515379,12.235385
1692848029.657897,5.0947647,14.513242,12.309614
1692848029.758113,5.0944233,14.511107,12.379564
1692848029.85786,5.0946517,14.509442,12.444999
1692848029.957799,5.0955367,14.508186,12.513051
1692848030.057741,5.0970736,14.507454,12.585913
1692848030.157751,5.099121,14.507641,12.658561
1692848030.257734,5.101414,14.508674,12.726337
1692848030.357651,5.103558,14.509899,12.786107
1692848030.457635,5.1053977,14.511169,12.840352
1692848030.557646,5.1071215,14.513114,12.899314
1692848030.657728,5.1084957,14.515577,12.966777
1692848030.757652,5.1087155,14.517317,13.03709
1692848030.857923,5.1075797,14.517894,13.107287
1692848030.95878,5.105703,14.5179405,13.177826
1692848031.05796,5.103795,14.517388,13.248154
1692848031.15765,5.1024313,14.515253,13.321298
1692848031.257763,5.1017866,14.511725,13.394161
1692848031.357681,5.101519,14.508452,13.45815
1692848031.457638,5.1014857,14.505896,13.51469
1692848031.557624,5.101838,14.502997,13.576856
1692848031.657705,5.10254,14.4994335,13.6484165
1692848031.757749,5.1033077,14.495896,13.720691
1692848031.857792,5.1040773,14.492625,13.789762
1692848031.957881,5.105069,14.489239,13.858428
1692848032.057619,5.1062727,14.485727,13.928496
1692848032.157824,5.107355,14.4825945,14.001028
1692848032.257734,5.1081405,14.480037,14.072492
1692848032.358819,5.108768,14.477618,14.136151
1692848032.458045,5.1095653,14.474956,14.1908045
1692848032.558086,5.1111627,14.471517,14.2507
1692848032.658323,5.1135645,14.4673,14.321015
1692848032.75791,5.115816,14.463009,14.3944235
1692848032.857783,5.1174965,14.458999,14.467092
1692848032.95817,5.1189346,14.455222,14.539029
1692848033.057763,5.1204395,14.451676,14.609142
1692848033.15788,5.12215,14.448345,14.677028
1692848033.257895,5.124133,14.445278,14.741979
1692848033.357832,5.126476,14.442427,14.808264
1692848033.457991,5.129156,14.439667,14.879158
1692848033.558078,5.1315584,14.436661,14.947142
1692848033.657642,5.1330185,14.4329605,15.004565
1692848033.757779,5.1335797,14.427761,15.061852
1692848033.85764,5.133599,14.420534,15.131185
1692848033.957797,5.1340017,14.412403,15.207273
1692848034.057678,5.1355543,14.404846,15.279716
1692848034.157899,5.137108,14.397373,15.351441
1692848034.257709,5.1371317,14.389274,15.4266205
1692848034.357615,5.135864,14.3816805,15.498309
1692848034.45785,5.134096,14.376065,15.558086
1692848034.557645,5.1321793,14.371641,15.615355
1692848034.657642,5.1302805,14.366794,15.686303
1692848034.75761,5.128806,14.361763,15.769754
1692848034.8576,5.1284127,14.358876,15.845142
1692848034.957768,5.129444,14.358373,15.910707
1692848035.057681,5.131976,14.3588705,15.978718
1692848035.157639,5.135784,14.359827,16.05077
1692848035.257696,5.140333,14.361638,16.116123
1692848035.357955,5.1457815,14.364534,16.174421
1692848035.457757,5.1531944,14.368405,16.23994
1692848035.557835,5.1627693,14.373188,16.317894
1692848035.657906,5.1732173,14.378802,16.397755
1692848035.757902,5.1832795,14.3849125,16.471317
1692848035.857604,5.191872,14.390838,16.534859
1692848035.957733,5.199041,14.396635,16.591698
1692848036.057192,5.2062445,14.4032955,16.653227
1692848036.157335,5.2141476,14.410929,16.724543
1692848036.257344,5.2217884,14.417998,16.797998
1692848036.357363,5.228632,14.423654,16.870253
1692848036.457328,5.2347937,14.428072,16.944292
1692848036.557469,5.240257,14.431455,17.020412
1692848036.657328,5.244651,14.433859,17.092989
1692848036.757578,5.2476573,14.435409,17.1584
1692848036.857566,5.2491026,14.436475,17.222746
1692848036.957277,5.2488966,14.437392,17.295027
1692848037.057306,5.2467675,14.437561,17.37498
1692848037.157471,5.242638,14.436257,17.457516
1692848037.257272,5.237946,14.434092,17.532923
1692848037.357786,5.2343125,14.43167,17.595203
1692848037.45743,5.231985,14.427366,17.658476
1692848037.557376,5.2307167,14.419341,17.741274
1692848037.657402,5.230914,14.410327,17.828514
1692848037.757509,5.2330813,14.404071,17.896477
1692848037.857384,5.236772,14.398787,17.953415
1692848037.958437,5.2413754,14.391266,18.01635
1692848038.057336,5.2465234,14.382045,18.080606
1692848038.157845,5.2522383,14.372082,18.140955
1692848038.25747,5.257513,14.362375,18.195051
1692848038.357396,5.2614136,14.353351,18.244947
1692848038.457378,5.2637777,14.345424,18.289251
1692848038.557358,5.264903,14.338779,18.3265
1692848038.657258,5.265966,14.332486,18.360931
1692848038.757384,5.268113,14.325474,18.397678
1692848038.85729,5.2699747,14.318935,18.431234
1692848038.957563,5.2699175,14.314411,18.454863
1692848039.057374,5.2698994,14.311202,18.474104
1692848039.157389,5.272516,14.308016,18.497095
1692848039.257561,5.277244,14.304937,18.520998
1692848039.360092,5.2826424,14.302266,18.540562
1692848039.457855,5.286935,14.299559,18.553974
1692848039.557762,5.289353,14.295803,18.563234
1692848039.65781,5.2903156,14.29104,18.567533
1692848039.758001,5.2910438,14.285613,18.56586
1692848039.857775,5.2921686,14.279546,18.558779
1692848039.957699,5.293461,14.27229,18.54905
1692848040.057808,5.2949853,14.264029,18.538538
1692848040.157744,5.297289,14.256002,18.527697
1692848040.25767,5.3003936,14.249493,18.517618
1692848040.357677,5.3035107,14.245769,18.510513
1692848040.458044,5.306375,14.244319,18.506453
1692848040.55786,5.3095655,14.241933,18.502136
1692848040.657674,5.312572,14.236352,18.496038
1692848040.757644,5.3125052,14.227605,18.49076
1692848040.857703,5.307492,14.213813,18.487673
1692848040.957765,5.297475,14.190327,18.485796
1692848041.057303,5.2838526,14.158041,18.484463
1692848041.157733,5.269195,14.123811,18.483566
1692848041.25769,5.253853,14.088983,18.483318
1692848041.357625,5.234393,14.045378,18.484245
1692848041.457693,5.2095766,13.989934,18.486027
1692848041.557505,5.181781,13.9280615,18.487093
1692848041.658311,5.151599,13.861006,18.486883
1692848041.757603,5.118506,13.787203,18.486437
1692848041.857628,5.082766,13.707967,18.486332
1692848041.957459,5.049104,13.636164,18.486324
1692848042.057584,5.0167055,13.571178,18.486612
1692848042.157681,4.976841,13.492718,18.488161
1692848042.257893,4.9268336,13.393929,18.491173
1692848042.357822,4.8745947,13.291632,18.494589
1692848042.457983,4.8220696,13.189962,18.498034
1692848042.557909,4.76313,13.075543,18.50214
1692848042.657564,4.698259,12.949037,18.507008
1692848042.757456,4.6381254,12.832775,18.51189
1692848042.857744,4.5844693,12.730963,18.51689
1692848042.957716,4.5245547,12.618235,18.523428
1692848043.059832,4.450762,12.479473,18.532047
1692848043.157661,4.3749695,12.337458,18.540655
1692848043.262201,4.295889,12.189955,18.549002
1692848043.362535,4.227363,12.06242,18.555702
1692848043.462452,4.164723,11.945878,18.561544
1692848043.557586,4.100613,11.826577,18.567776
1692848043.657495,4.0230794,11.683084,18.575268
1692848043.757621,3.9370415,11.526655,18.582037
1692848043.8578,3.8488295,11.369182,18.587132
1692848043.957571,3.7698777,11.228936,18.591032
1692848044.057603,3.6998458,11.103759,18.594807
1692848044.157699,3.6224146,10.9641485,18.600134
1692848044.257584,3.5318449,10.799628,18.607618
1692848044.357603,3.439016,10.62943,18.616308
1692848044.457572,3.3528607,10.469903,18.625067
1692848044.557732,3.2763739,10.327603,18.632778
1692848044.657967,3.20716,10.197808,18.639484
1692848044.75759,3.1350913,10.059309,18.647026
1692848044.857495,3.0555758,9.900239,18.65623
1692848044.957632,2.9748447,9.727894,18.666098
1692848045.057473,2.90031,9.556509,18.675695
1692848045.157562,2.838434,9.404604,18.684566
1692848045.258845,2.7880723,9.270809,18.692587
1692848045.357988,2.7386532,9.129223,18.699753
1692848045.462779,2.6816447,8.95683,18.706894
1692848045.562587,2.6314197,8.793147,18.713552
1692848045.662441,2.588175,8.636641,18.719948
1692848045.757748,2.5485559,8.479447,18.725231
1692848045.857747,2.5079923,8.308647,18.729765
1692848045.957727,2.4744084,8.160143,18.733788
1692848046.057788,2.4476833,8.034875,18.738102
1692848046.15798,2.4184327,7.8924246,18.743814
1692848046.257751,2.3834178,7.7212234,18.750788
1692848046.358007,2.3488584,7.553674,18.757164
1692848046.458152,2.3190835,7.4129143,18.761705
1692848046.558136,2.2885768,7.274388,18.765831
1692848046.65789,2.25179,7.1128974,18.7711
1692848046.757698,2.2131047,6.9486976,18.77712
1692848046.857795,2.1786046,6.810735,18.782959
1692848046.958006,2.142239,6.6775804,18.788664
1692848047.058043,2.095481,6.516086,18.794563
1692848047.157671,2.042389,6.3375096,18.800365
1692848047.257806,1.9893689,6.162302,18.805716
1692848047.357723,1.934619,5.986071,18.810734
1692848047.457735,1.8743582,5.7979198,18.815702
1692848047.557803,1.8157475,5.618637,18.820387
1692848047.657834,1.7668017,5.4714456,18.824457
1692848047.75799,1.717043,5.325948,18.828182
1692848047.857818,1.6521982,5.14085,18.831953
1692848047.957777,1.5776864,4.932758,18.835709
1692848048.058052,1.5060512,4.739066,18.839207
1692848048.157765,1.4378197,4.560514,18.842505
1692848048.257698,1.3683331,4.3826623,18.845789
1692848048.35771,1.2964792,4.202182,18.848978
1692848048.457697,1.2222327,4.01924,18.851892
1692848048.557894,1.1456796,3.8340783,18.854374
1692848048.657831,1.0679922,3.6492898,18.856255
1692848048.757712,0.9915976,3.4702337,18.857445
1692848048.858002,0.9210321,3.3070903,18.857927
1692848048.958022,0.85590404,3.1587546,18.857464
1692848049.057991,0.7864212,3.002541,18.85554
1692848049.15756,0.7079903,2.827639,18.852808
1692848049.25787,0.62251604,2.6381676,18.851536
1692848049.358462,0.53742415,2.4501884,18.852335
1692848049.457766,0.46588737,2.2919922,18.85319
1692848049.557619,0.40581754,2.1589444,18.85366
1692848049.657876,0.3383154,2.0104642,18.85575
1692848049.757541,0.25739005,1.8348588,18.859991
1692848049.857478,0.17670596,1.6642859,18.864513
1692848049.95746,0.10778416,1.5240618,18.868502
1692848050.057474,0.05525634,1.421371,18.872961
1692848050.157637,0.017040348,1.3515931,18.878292
1692848050.25769,-0.017760191,1.2952627,18.883799
1692848050.35748,-0.05416983,1.2432033,18.889385
1692848050.457585,-0.08746148,1.2034224,18.896025
1692848050.557406,-0.113923006,1.1796821,18.903482
1692848050.657483,-0.13362798,1.1659477,18.909771
1692848050.75731,-0.1483041,1.1572381,18.914347
1692848050.858393,-0.16220812,1.1506706,18.91904
1692848050.957645,-0.17645635,1.1450783,18.923851
1692848051.057705,-0.18932147,1.1406465,18.926632
1692848051.157533,-0.19890304,1.1372572,18.926762
1692848051.257431,-0.20433214,1.1338171,18.926256
1692848051.357415,-0.2051099,1.1292549,18.926104
1692848051.457581,-0.2012451,1.1226069,18.925484
1692848051.557482,-0.1927383,1.1130282,18.923647
1692848051.657439,-0.1794452,1.0997514,18.920158
1692848051.757944,-0.16263574,1.0831587,18.915545
1692848051.8576,-0.14593679,1.0655956,18.911688
1692848051.957587,-0.13003856,1.0472771,18.908981
1692848052.057503,-0.11218375,1.0261754,18.905811
1692848052.157521,-0.09241725,1.0033598,18.901442
1692848052.257576,-0.075162046,0.98455954,18.8966
1692848052.357525,-0.06225504,0.972116,18.891825
1692848052.457523,-0.0513424,0.9630157,18.887201
1692848052.557791,-0.040377773,0.95493966,18.882772
1692848052.657582,-0.028438743,0.9474152,18.8786
1692848052.757582,-0.013743001,0.9395689,18.874645
1692848052.857597,0.010156993,0.92788327,18.870687
1692848052.957744,0.049655292,0.908751,18.86653
1692848053.057772,0.09926362,0.8845667,18.862709
1692848053.15758,0.15096706,0.85912514,18.85982
1692848053.257178,0.209596,0.8305456,18.857044
1692848053.357493,0.28426275,0.79500014,18.85317
1692848053.457544,0.3725582,0.7536078,18.8484
1692848053.557751,0.4687535,0.708796,18.843283
1692848053.657521,0.56330323,0.6643656,18.83768
1692848053.757446,0.6487731,0.6230332,18.831482
1692848053.857391,0.7336096,0.5806575,18.827604
1692848053.9573,0.8299591,0.5317267,18.829298
1692848054.057459,0.92451483,0.48322335,18.833141
1692848054.157693,0.9970923,0.44548446,18.83395
1692848054.257508,1.0522106,0.41651505,18.832457
1692848054.3573,1.1024331,0.39018777,18.831451
1692848054.457607,1.1467949,0.36653656,18.832157
1692848054.557427,1.1793116,0.34800225,18.83507
1692848054.658344,1.2001358,0.33472574,18.839548
1692848054.757376,1.211157,0.32650256,18.844181
1692848054.857553,1.2144929,0.32211602,18.848816
1692848054.957491,1.2105392,0.32024726,18.854555
1692848055.057629,1.1983839,0.32108605,18.860786
1692848055.157591,1.1751964,0.32731944,18.864008
1692848055.257482,1.1413325,0.33960986,18.862953
1692848055.357518,1.1018659,0.35547492,18.859846
1692848055.457607,1.0572076,0.3738526,18.856037
1692848055.557437,1.0000466,0.39624357,18.851091
1692848055.657431,0.9318368,0.4217677,18.844952
1692848055.757583,0.8686155,0.44543236,18.8384
1692848055.857632,0.8183031,0.4654039,18.832108
1692848055.957597,0.7739309,0.48539492,18.826408
1692848056.057527,0.7331178,0.50575113,18.82138
1692848056.157432,0.70182484,0.52136433,18.816782
1692848056.257788,0.68207496,0.53031766,18.812107
1692848056.357352,0.66987354,0.5355647,18.806648
1692848056.457488,0.66144925,0.5394331,18.799892
1692848056.557717,0.65499854,0.5423126,18.791975
1692848056.657553,0.649595,0.5443003,18.783792
1692848056.757545,0.6454555,0.5452819,18.777172
1692848056.857355,0.6426717,0.54556906,18.77236
1692848056.957455,0.6409246,0.54612243,18.767138
1692848057.057837,0.63998514,0.54728305,18.761213
1692848057.157393,0.6397392,0.548407,18.75737
1692848057.293518,0.6379663,0.5508655,18.756216
1692848057.393744,0.6319417,0.55569017,18.755705
1692848057.493802,0.6185541,0.5644997,18.75417
1692848057.593483,0.59536177,0.57786596,18.751347
1692848057.693827,0.5652156,0.5941761,18.748285
1692848057.793651,0.533828,0.6106265,18.746601
1692848057.893606,0.4973323,0.6295345,18.745329
1692848057.993568,0.44717678,0.65577966,18.742214
1692848058.093882,0.38087848,0.6916708,18.737408
1692848058.193863,0.30131724,0.7368199,18.732557
1692848058.293782,0.21901056,0.7845547,18.729115
1692848058.393868,0.14677149,0.82588327,18.728155
1692848058.493896,0.073528394,0.866138,18.727724
1692848058.593884,-0.02439171,0.9183344,18.724363
1692848058.693688,-0.141005,0.979594,18.719017
1692848058.793753,-0.24949504,1.0359077,18.715685
1692848058.893615,-0.33534852,1.0804095,18.715092
1692848058.99378,-0.39413935,1.1118754,18.715954
1692848059.093668,-0.43446094,1.1354748,18.716146
1692848059.194281,-0.47203237,1.1598251,18.71329
1692848059.293804,-0.50519305,1.1835488,18.707403
1692848059.393837,-0.52535987,1.2013994,18.699781
1692848059.493791,-0.5320689,1.2121965,18.692999
1692848059.593967,-0.52927816,1.2172353,18.689917
1692848059.694047,-0.51399916,1.2155033,18.69025
1692848059.794027,-0.4805169,1.2051471,18.691933
1692848059.893848,-0.435481,1.1885611,18.693607
1692848059.993824,-0.3902622,1.169647,18.694395
1692848060.09396,-0.33408153,1.1436446,18.694033
1692848060.194221,-0.24642496,1.1022047,18.69259
1692848060.293766,-0.14245552,1.0531195,18.689894
1692848060.393833,-0.050866596,1.0100673,18.685871
1692848060.493909,0.04036892,0.9667555,18.683456
1692848060.594177,0.16361162,0.9070609,18.68653
1692848060.693816,0.30771327,0.8373482,18.69161
1692848060.793759,0.44111744,0.77434534,18.691673
1692848060.893552,0.55834377,0.7183505,18.687695
1692848060.994039,0.67060477,0.65967995,18.684946
1692848061.09357,0.77260554,0.6004254,18.684454
1692848061.193569,0.85606176,0.5458516,18.684788
1692848061.293838,0.9271606,0.4925049,18.68549
1692848061.393691,1.0002445,0.4320018,18.68664
1692848061.493613,1.0768759,0.36091617,18.688246
1692848061.593633,1.1498954,0.28035614,18.690214
1692848061.693691,1.2120724,0.20020014,18.691912
1692848061.793623,1.2573507,0.13320391,18.692541
1692848061.893821,1.2908427,0.07034887,18.69271
1692848061.993679,1.3223045,-0.006657744,18.693636
1692848062.093844,1.3498678,-0.09453735,18.694609
1692848062.193815,1.3650934,-0.17684394,18.694035
1692848062.293549,1.3682282,-0.2473013,18.69269
1692848062.393678,1.3637942,-0.30607185,18.69252
1692848062.493555,1.3507164,-0.359801,18.693455
1692848062.593667,1.3245939,-0.4195444,18.694126
1692848062.693518,1.2900544,-0.47985464,18.694984
1692848062.79367,1.2556471,-0.5278183,18.697392
1692848062.893669,1.2191199,-0.56532085,18.700523
1692848062.993731,1.1722921,-0.60247606,18.702326
1692848063.093851,1.1151963,-0.63823336,18.700886
1692848063.193936,1.0528605,-0.66581553,18.69475
1692848063.294037,0.9914164,-0.68521315,18.685486
1692848063.393646,0.93723285,-0.6995831,18.67601
1692848063.493534,0.8893782,-0.7108098,18.666887
1692848063.593657,0.8439869,-0.7196126,18.65747
1692848063.693718,0.8034084,-0.7256255,18.647945
1692848063.793744,0.77290154,-0.72805107,18.638924
1692848063.893644,0.7526361,-0.727592,18.630714
1692848063.994127,0.739562,-0.72568005,18.623291
1692848064.093713,0.7306275,-0.7222819,18.616007
1692848064.193739,0.7226505,-0.71662575,18.607754
1692848064.293687,0.71559715,-0.7096593,18.599237
1692848064.393654,0.7108337,-0.7030804,18.591915
1692848064.493793,0.7080072,-0.69708526,18.585825
1692848064.594137,0.7058477,-0.69107944,18.580261
1692848064.693597,0.7039927,-0.68529624,18.57521
1692848064.79358,0.7026757,-0.6803153,18.571007
1692848064.893682,0.7013701,-0.6753676,18.567778
1692848064.993582,0.69906723,-0.66882014,18.565367
1692848065.093567,0.69593734,-0.66123646,18.563269
1692848065.194061,0.69265467,-0.6542187,18.560835
1692848065.29389,0.6883465,-0.64732134,18.557894
1692848065.393641,0.68140453,-0.63895637,18.554558
1692848065.493855,0.6722965,-0.629483,18.551678
1692848065.593902,0.66270655,-0.620263,18.550436
1692848065.693623,0.6538265,-0.61086816,18.550913
1692848065.793791,0.6464791,-0.5999451,18.552588
1692848065.893678,0.6412913,-0.58751655,18.55461
1692848065.993649,0.6385533,-0.5740508,18.5561
1692848066.094014,0.6376877,-0.5583454,18.55772
1692848066.193802,0.6376216,-0.5385078,18.560919
1692848066.293682,0.6381655,-0.51415133,18.565222
1692848066.393624,0.639592,-0.48617902,18.569115
1692848066.493681,0.64178014,-0.45758462,18.571476
1692848066.593657,0.6444353,-0.4319634,18.5716
1692848066.693571,0.6478894,-0.40600765,18.57068
1692848066.794058,0.65290964,-0.3726808,18.570873
1692848066.893787,0.66051704,-0.3309756,18.572903
1692848066.994101,0.67189467,-0.28246307,18.576555
1692848067.093664,0.68569404,-0.23283805,18.580679
1692848067.194076,0.69995576,-0.18711333,18.58386
1692848067.293525,0.7157249,-0.1420051,18.585981
1692848067.393616,0.73625576,-0.08778123,18.587784
1692848067.493496,0.7608952,-0.025214387,18.589321
1692848067.59348,0.7874033,0.040698115,18.590307
1692848067.693729,0.81550634,0.110085376,18.590384
1692848067.79371,0.84563607,0.1848478,18.589283
1692848067.893815,0.8758123,0.25956646,18.587898
1692848067.993576,0.9029249,0.3254049,18.587593
1692848068.093607,0.9300454,0.3900077,18.58808
1692848068.193626,0.96268326,0.46786618,18.588266
1692848068.293509,0.99932873,0.5573386,18.588474
1692848068.393595,1.0347065,0.6479389,18.589731
1692848068.493833,1.0658083,0.73232985,18.591698
1692848068.59376,1.0912479,0.8059966,18.593344
1692848068.693588,1.1132491,0.8766781,18.594837
1692848068.793668,1.1357106,0.9581396,18.596964
1692848068.893619,1.1581926,1.05074,18.599201
1692848068.993548,1.1783087,1.1481806,18.600492
1692848069.09363,1.197299,1.2480656,18.601812
1692848069.19368,1.2181534,1.3495331,18.605028
1692848069.293667,1.240634,1.4480503,18.609083
1692848069.393818,1.2632247,1.538721,18.611725
1692848069.493705,1.287751,1.6300461,18.613758
1692848069.593827,1.3178228,1.7376595,18.617413
1692848069.694467,1.3521413,1.8578881,18.620932
1692848069.793568,1.3862274,1.974679,18.620592
1692848069.893508,1.4216231,2.0917838,18.61592
1692848069.993987,1.460955,2.216365,18.608202
1692848070.093604,1.5010622,2.3388557,18.599691
1692848070.194072,1.5376583,2.4469237,18.592377
1692848070.293959,1.5719804,2.546564,18.584093
1692848070.393684,1.6093597,2.6567395,18.570488
1692848070.493515,1.6494843,2.7760708,18.552473
1692848070.594405,1.6893159,2.8931677,18.53362
1692848070.694064,1.727917,3.0053794,18.514765
1692848070.793556,1.7682102,3.1235096,18.49344
1692848070.894073,1.807883,3.2407866,18.470781
1692848070.993958,1.8413181,3.3395565,18.450232
1692848071.09357,1.872159,3.4304843,18.43026
1692848071.193626,1.9082129,3.537159,18.40689
1692848071.294273,1.9489361,3.6592686,18.378685
1692848071.393656,1.9880408,3.7796824,18.346617
1692848071.493634,2.0234861,3.891758,18.31235
1692848071.593592,2.0541286,3.9901934,18.27872
1692848071.693865,2.0825105,4.080439,18.242607
1692848071.793759,2.1123302,4.1710863,18.198801
1692848071.893628,2.1429453,4.2566895,18.149698
1692848071.993619,2.171185,4.3242893,18.101835
1692848072.093803,2.1963632,4.375798,18.0559
1692848072.193766,2.2191079,4.420973,18.009575
1692848072.29347,2.2398572,4.4641943,17.961954
1692848072.393507,2.259112,4.506989,17.912657
1692848072.493765,2.2784407,4.5517216,17.860746
1692848072.593682,2.2996967,4.6006103,17.805532
1692848072.697047,2.3221297,4.6513906,17.74932
1692848072.793604,2.3404768,4.6925163,17.7037
1692848072.893607,2.3592687,4.734839,17.657698
1692848072.993569,2.383026,4.789083,17.601639
1692848073.093463,2.4124627,4.8543634,17.537333
1692848073.193762,2.4457219,4.922777,17.473455
1692848073.293741,2.4791558,4.987724,17.415415
1692848073.393749,2.509529,5.045913,17.36477
1692848073.493604,2.5423236,5.1080694,17.314352
1692848073.593672,2.5872164,5.191492,17.25289
1692848073.693619,2.638536,5.286063,17.187366
1692848073.79356,2.6835444,5.3691463,17.13306
1692848073.893649,2.728044,5.4518957,17.083134
1692848073.993612,2.786807,5.5617247,17.01995
1692848074.09368,2.856596,5.6924133,16.946714
1692848074.1938,2.9241574,5.8192725,16.878117
1692848074.29359,2.988405,5.9424796,16.813938
1692848074.393838,3.0548854,6.0755477,16.746002
1692848074.493662,3.1182306,6.2087135,16.678925
1692848074.593644,3.1695127,6.3246098,16.62174
1692848074.693516,3.211737,6.4334593,16.569546
1692848074.793621,3.254755,6.5611844,16.50941
1692848074.893805,3.2967787,6.705564,16.44164
1692848074.993704,3.3297768,6.848576,16.37414
1692848075.093676,3.3526866,6.9848447,16.310602
1692848075.193659,3.3678677,7.115964,16.252111
1692848075.293587,3.374207,7.2506294,16.19292
1692848075.393548,3.3690221,7.399482,16.124723
1692848075.493548,3.3543081,7.5493555,16.054136
1692848075.593656,3.3343358,7.6763167,15.994808
1692848075.693733,3.3081949,7.7895503,15.942275
1692848075.793889,3.2723877,7.9156327,15.882427
1692848075.893576,3.2293882,8.053352,15.814693
1692848075.993583,3.1843545,8.188014,15.744901
1692848076.093564,3.1419249,8.308977,15.675015
1692848076.193648,3.1059232,8.410231,15.604028
1692848076.293671,3.0802524,8.490956,15.532945
1692848076.393747,3.0680745,8.553716,15.463758
1692848076.493725,3.0660496,8.600323,15.399836
1692848076.593654,3.0672786,8.632643,15.3442335
1692848076.693634,3.0685909,8.655648,15.290186
1692848076.793671,3.0692713,8.675766,15.226006
1692848076.893603,3.0691435,8.693938,15.154164
1692848076.993713,3.0683646,8.708187,15.084051
1692848077.093555,3.0674565,8.719297,15.013345
1692848077.193991,3.0670896,8.729586,14.933309
1692848077.293878,3.067443,8.738124,14.853703
1692848077.393638,3.0684295,8.742765,14.790112
1692848077.493867,3.0703673,8.744918,14.732225
1692848077.593683,3.0736396,8.747468,14.659574
1692848077.693658,3.0774863,8.749818,14.574392
1692848077.793645,3.0804937,8.749402,14.492228
1692848077.893586,3.082024,8.745632,14.413351
1692848077.99358,3.0818903,8.739034,14.330489
1692848078.093675,3.080361,8.731015,14.241008
1692848078.193628,3.0779686,8.723347,14.145966
1692848078.293719,3.075268,8.716285,14.0536175
1692848078.393742,3.072897,8.709337,13.974993
1692848078.493572,3.0720606,8.70223,13.902108
1692848078.594015,3.0739765,8.694815,13.816669
1692848078.693552,3.0763297,8.687622,13.717008
1692848078.793545,3.0751567,8.681261,13.608334
1692848078.8938,3.0704904,8.676216,13.504747
1692848078.993685,3.0645294,8.6728325,13.42216
1692848079.093602,3.0554962,8.671469,13.343999
1692848079.193612,3.039795,8.672537,13.239664
1692848079.293535,3.0184567,8.67636,13.11602
1692848079.393579,2.994956,8.683135,12.999159
1692848079.493562,2.971749,8.692015,12.898291
1692848079.593948,2.9500127,8.701894,12.810113
1692848079.693387,2.926699,8.714897,12.722669
1692848079.793486,2.896229,8.734917,12.618284
1692848079.893199,2.8625245,8.759143,12.509797
1692848079.993385,2.832846,8.78234,12.4205675
1692848080.093206,2.804195,8.806442,12.341837
1692848080.193272,2.7678578,8.837516,12.246522
1692848080.293056,2.7262416,8.874677,12.136701
1692848080.393248,2.6872044,8.913878,12.0288
1692848080.493451,2.6523025,8.955515,11.923586
1692848080.593287,2.6193721,9.002122,11.813406
1692848080.693344,2.5890825,9.049767,11.70523
1692848080.793211,2.5637877,9.090937,11.61406
1692848080.893325,2.540066,9.128767,11.529134
1692848080.993421,2.512151,9.171199,11.427687
1692848081.093282,2.4825819,9.215126,11.311022
1692848081.194381,2.4578679,9.252158,11.192268
1692848081.293721,2.4398403,9.279333,11.08427
1692848081.393462,2.4257264,9.299734,10.989223
1692848081.49336,2.4131107,9.316526,10.898349
1692848081.593392,2.399725,9.333168,10.795913
1692848081.693444,2.3866098,9.349345,10.684597
1692848081.793387,2.3764546,9.362884,10.576312
1692848081.893345,2.369484,9.37461,10.468512
1692848081.993407,2.3646405,9.386891,10.352082
1692848082.093452,2.3620644,9.400313,10.235493
1692848082.193573,2.362479,9.414585,10.135661
1692848082.293519,2.3649762,9.431535,10.047263
1692848082.393476,2.3679712,9.454384,9.952105
1692848082.493412,2.3728197,9.486789,9.842207
1692848082.593278,2.3824086,9.532102,9.7165785
1692848082.69329,2.3961802,9.584385,9.59022
1692848082.793447,2.4111009,9.631474,9.488517
1692848082.89358,2.4289355,9.679332,9.400312
1692848082.993766,2.4539764,9.743254,9.295493
1692848083.093328,2.4862318,9.821377,9.176193
1692848083.193396,2.5240104,9.904159,9.059362
1692848083.293329,2.5664275,9.988985,8.94563
1692848083.393378,2.6131718,10.077849,8.82526
1692848083.493293,2.6578786,10.161382,8.706042
1692848083.593426,2.6919293,10.225613,8.603071
1692848083.693429,2.7172987,10.27228,8.508365
1692848083.79363,2.7423804,10.313007,8.399942
1692848083.893469,2.767021,10.349092,8.27892
1692848083.993595,2.7864838,10.37646,8.158374
1692848084.093212,2.799465,10.395444,8.0474615
1692848084.193333,2.807231,10.409611,7.948744
1692848084.293253,2.8115249,10.421544,7.8543468
1692848084.393262,2.814481,10.433375,7.7491856
1692848084.493519,2.817037,10.4452,7.6321254
1692848084.593483,2.8193958,10.455905,7.5112095
1692848084.693651,2.8217242,10.465397,7.391906
1692848084.793688,2.8241282,10.474034,7.2789235
1692848084.893408,2.8266332,10.481963,7.1682286
1692848084.99342,2.8291929,10.489179,7.0514855
1692848085.093379,2.8312917,10.494822,6.9362903
1692848085.193373,2.8322237,10.497812,6.836581
1692848085.293552,2.8319664,10.499298,6.7441998
1692848085.393458,2.8308582,10.501586,6.639842
1692848085.493407,2.8285038,10.504723,6.52403
1692848085.593412,2.824176,10.507537,6.4084444
1692848085.693357,2.81807,10.509765,6.296033
1692848085.793364,2.810904,10.511687,6.1840973
1692848085.89369,2.8032246,10.513461,6.0701413
1692848085.993416,2.795603,10.515138,5.9535537
1692848086.093561,2.7887874,10.516761,5.834357
1692848086.193525,2.783751,10.518265,5.716512
1692848086.29342,2.7804928,10.518997,5.60676
1692848086.393456,2.7784307,10.518033,5.5122266
1692848086.49339,2.776604,10.515332,5.4226594
1692848086.593312,2.773931,10.511445,5.319035
1692848086.693285,2.7704809,10.507508,5.204707
1692848086.793429,2.766964,10.504909,5.0947123
1692848086.893462,2.76383,10.504081,4.990622
1692848086.994177,2.761246,10.504774,4.88497
1692848087.093061,2.758582,10.505514,4.7776012
1692848087.193529,2.7546463,10.504265,4.664444
1692848087.293485,2.7496026,10.5,4.549127
1692848087.39362,2.7442224,10.4924345,4.4329267
1692848087.493469,2.7393024,10.482782,4.315884
1692848087.593483,2.7355466,10.472871,4.1964006
1692848087.693689,2.7334318,10.463034,4.0826893
1692848087.793629,2.7332225,10.452815,3.9866667
1692848087.89354,2.734464,10.442264,3.895411
1692848087.99362,2.7363186,10.431859,3.7845464
1692848088.093459,2.7382936,10.422955,3.664573
1692848088.193846,2.7401798,10.417094,3.5623262
1692848088.293412,2.742163,10.413663,3.4682736
1692848088.393563,2.7446737,10.410666,3.349543
1692848088.493572,2.747261,10.408109,3.213446
1692848088.593956,2.7489805,10.407137,3.0894523
1692848088.693994,2.749091,10.408774,2.9925225
1692848088.793569,2.7474325,10.41362,2.8982527
1692848088.893509,2.744267,10.422055,2.7851946
1692848088.994018,2.7409155,10.433837,2.6579483
1692848089.093703,2.7387922,10.448086,2.5280893
1692848089.193475,2.7376,10.461273,2.4064426
1692848089.293732,2.7361956,10.468569,2.3038838
1692848089.39361,2.73451,10.470852,2.2102804
1692848089.493562,2.733035,10.472368,2.1027062
1692848089.593893,2.7315497,10.474866,1.9790844
1692848089.6935,2.729475,10.478445,1.8517574
1692848089.793581,2.72665,10.482263,1.7317306
1692848089.893537,2.7231114,10.484911,1.6309191
1692848089.993515,2.7177107,10.485745,1.5358757
1692848090.09373,2.7088642,10.484732,1.4209927
1692848090.193634,2.6984582,10.483447,1.2968805
1692848090.293622,2.6897645,10.484268,1.1906452
1692848090.393571,2.6808395,10.488339,1.0967319
1692848090.493564,2.6671674,10.496044,0.9924634
1692848090.593523,2.648676,10.507148,0.8759199
1692848090.693967,2.627825,10.52102,0.75666106
1692848090.793749,2.6078649,10.535538,0.6462016
1692848090.893882,2.5915186,10.548419,0.55188024
1692848090.993726,2.5780842,10.560159,0.46435305
1692848091.093729,2.564386,10.573078,0.36324227
1692848091.193827,2.5486684,10.586642,0.24971561
1692848091.293757,2.530055,10.598574,0.13812189
